name_metro,year,idhm,idhm_l,idhm_e,idhm_r,espvida,mort1,t_env,razdep,anosest,t_analf15m,t_analf18m,t_analf25m,t_fund25m,t_med25m,t_super25m,t_flfund,t_flmed,t_flsuper,rdpc,rdpct,renocup,prentrab,rdpc1,rdpc2,rdpc3,rdpc4,rdpc5,rdpc10,r1040,r2040,gini,theil,pind,pmpob,ppob,rind,rmpob,rpob,poptot,pop_young,pop_adult,pop_elder
Manaus,2000,0.585,0.73,0.414,0.661,68.77,34.2,3.2,60.27,7.99,7.65,8.23,10.14,46.33,31.72,4.8,85.77,24.41,4.85,487.67,499.47,1237.63,80,53.05,129.36,220.81,397.39,1637.71,2527.48,27.71,17.96,0.63,0.72,13.23,32.75,55.91,38.18,77.48,124.5,1631641,1183579,2431651,136924
Belém,2000,0.621,0.752,0.474,0.672,70.13,29.4,4.16,52.38,8.64,6.04,6.42,7.68,50.58,31.91,7.15,91.48,26.83,6.5,524.82,530.82,1191.39,76.52,67.48,146.36,239.12,418.62,1752.52,2727.01,25.51,16.39,0.62,0.7,9.19,28.08,53.12,41.76,83.82,134.4,1964065,1145444,2847972,205567
Grande São Luís,2000,0.642,0.729,0.56,0.647,68.73,38.3,3.77,54.37,9.37,8.61,9.33,11.38,54.17,39.12,6.12,93.22,38.67,5.79,449.12,461.22,1080.89,77.65,47.3,113.34,187.9,344.81,1552.26,2422.59,30.16,19.33,0.65,0.76,15.3,38.1,61.6,38.73,77.12,119.63,1086365,671680,1643838,107642
Grande Teresina,2000,0.583,0.749,0.421,0.628,69.91,29.47,4.67,56.9,8.13,17.98,19.55,23.44,38.24,25.15,5.17,93.01,24.16,6.71,399.39,406.12,884.92,74.53,41.85,100.81,168.1,297.01,1389.18,2215.62,31.06,19.48,0.65,0.79,18.1,42.35,65.89,38.6,74.85,115.19,1007018,606769,1439690,118194
Fortaleza,2000,0.622,0.743,0.488,0.663,69.55,33,4.94,56.4,8.99,14.44,15.44,18.06,40.47,26.49,6.31,92.11,31.12,7.62,496.32,503.71,1089.66,74.23,55.31,123.68,204.12,366.34,1732.13,2717.76,30.37,19.35,0.65,0.77,12.8,34.31,59.25,41.43,79.78,126.04,3041196,1815696,4477382,379718
Natal,2000,0.625,0.742,0.487,0.676,69.49,39.6,5.34,55.61,9.16,16.35,17.41,20.16,42.16,29.35,7.6,91.57,31.48,8.66,537.69,545.65,1149.13,71.3,58.6,132.26,226.69,421.89,1849,2837.34,29.73,19.38,0.64,0.76,11.64,31.67,55.03,40.93,79.94,126.76,1124946,666506,1677979,149630
Recife,2000,0.627,0.738,0.49,0.683,69.26,38.4,5.5,49.78,8.75,12.79,13.47,15.5,44.9,31.14,8.95,91.67,30.54,7.91,560.66,567.94,1242.48,71.15,60.93,135.4,228.64,418.36,1959.96,3058.44,31.16,19.97,0.65,0.79,10.9,30.6,54.82,41.14,80.77,128.83,3306954.15299,1760568,4823267,444277
Petrolina_Juazeiro,2000,0.536,0.74,0.349,0.596,69.41,38.76,4.37,62.49,7.73,20.83,22.37,26.45,26.5,17.85,4.09,87.96,18.59,2.99,326.37,336.18,777.64,79.1,37.4,93.2,153.86,262.93,1084.47,1700.11,26.03,16.61,0.62,0.69,20.41,45.92,69.39,38.03,73.53,112.03,561177,391909,801381,62264
Maceió,2000,0.567,0.681,0.402,0.666,65.85,45.4,4.36,55.29,7.58,18.88,19.84,22.27,39.62,27.64,7.96,86.54,22.34,7.56,503.36,511.85,1154.08,70.37,50.82,115.65,195.57,362.49,1792.28,2847.42,34.21,21.53,0.67,0.83,14.43,37.01,60.04,40.98,78.2,120.77,1019183,638736,1494203,111297
Salvador,2000,0.636,0.743,0.497,0.698,69.58,39.8,4.32,46.31,8.8,7.68,8.12,9.62,50.36,36.16,8.04,92.33,28.93,7.62,614.59,620.21,1284.65,74.35,66.36,149.19,254.38,476.78,2126.22,3279.92,30.43,19.73,0.64,0.78,9.57,27.61,50.49,42.01,82.21,131.47,3099673,1635711,4719234,339331
Belo Horizonte,2000,0.682,0.784,0.549,0.737,72.01,23.8,5.15,47.37,9.82,6.27,6.68,8.07,44.4,29.86,9.71,93.59,44.07,9.14,782.97,785.21,1491.51,74.63,104.14,220.27,359.17,644.41,2586.89,3926.82,24.21,15.95,0.61,0.69,3.92,15.38,36.07,45.79,90.34,150.55,4330618,2224145,6443676,574091
Grande Vitória,2000,0.678,0.779,0.552,0.726,71.75,23.2,4.85,48.59,10.02,7.19,7.7,9.3,47.39,31.68,8.23,91.42,44.41,9.75,731.3,733.46,1415.12,74.92,98.33,210.34,351.88,638.21,2357.73,3506.37,22.72,15.28,0.6,0.66,4.45,16.68,37.55,45.4,88.75,147.19,1432003,783045,2165183,178613
Rio de Janeiro,2000,0.686,0.775,0.548,0.759,71.51,23.7,7.64,47.79,9.11,5.67,5.95,6.77,52.21,34.66,11.28,91.93,38.14,11.04,900.81,903.31,1655.67,69.03,116.21,253.88,425.68,769.81,2938.45,4416.99,23.87,15.88,0.61,0.68,3.33,12.42,30.23,44.77,88.88,151.14,10890412,5201891,15781326,1926611
São Paulo,2000,0.714,0.79,0.592,0.779,72.4,18.9,5.48,46.82,10.24,5.57,5.93,6.99,48.25,32.21,11.19,90.78,49.45,10.98,1016.7,1018.3,2096.65,80.6,141.72,302.44,500.25,880.22,3258.89,4896.87,22.05,14.67,0.59,0.65,2.15,8.85,24.17,45.81,92.23,158.66,17723494,9040419,26141118,2381250
Baixada Santista,2000,0.7,0.787,0.579,0.754,72.2,19.3,7.02,49.05,10.19,5.79,6.18,7.18,47.28,30.75,9.83,92.89,47.64,10.73,872.76,875.35,1696.77,71.84,134.63,293.84,482.57,826.85,2625.91,3813.05,17.8,12.26,0.56,0.56,2.75,9.69,25.13,42.7,88.58,155.47,1466413,749341,2137238,254377
Campinas,2000,0.71,0.801,0.582,0.769,73.04,17.77,5.83,45.71,10.11,5.6,5.99,7.17,44.37,28.65,10.13,91.26,51.11,10.72,955.99,956.72,1859.13,79.87,163.94,333.21,523.94,868.35,2890.51,4260,17.14,11.63,0.55,0.55,1.46,6.49,20.18,46.51,94.74,164.73,2321260,1169970,3622050,343501
Vale do Paraíba,2000,0.701,0.796,0.592,0.732,72.75,18.3,5.34,49.11,10.42,5.81,6.24,7.45,45.15,29.4,8.83,92.98,53.33,9.23,759.4,761.21,1573.74,76.96,118.33,252.23,412.56,707.53,2306.38,3384.82,18.27,12.45,0.56,0.57,3.3,12.03,30.44,45.39,89.16,153.14,1975212,1051844,2936587,268273
Sorocaba,2000,0.679,0.782,0.552,0.725,71.91,20.22,5.85,50.85,9.91,6.58,7.1,8.47,37.45,23.39,7.4,90.83,47.04,7.79,729.15,731.33,1494.88,76.99,130.12,265.67,412.17,664.29,2173.52,3229.64,16.32,10.98,0.55,0.53,2.42,10.18,28.28,43.48,91.72,158.51,1464492,796059,2197424,214717
Curitiba,2000,0.698,0.793,0.565,0.759,72.56,21.6,4.92,48.68,10.1,5.32,5.68,6.83,47.99,32.67,10.98,89.18,45.23,12.78,901.38,906.19,1730.44,78.79,123.24,265.69,436.34,772.57,2909.04,4362.57,22.43,14.96,0.6,0.65,3.2,11.21,28.59,39.63,87.53,153.97,2790236,1513432,4177884,345757
Florianópolis,2000,0.726,0.826,0.595,0.78,74.58,14.44,5,45.47,10.27,4.6,4.92,5.89,54.46,38.27,13.37,93.36,45.69,17.64,1027.66,1028.88,1812.07,74.03,166.23,338.04,544.32,971.07,3118.65,4457.46,17.68,12.37,0.56,0.56,1.34,6.4,19.72,45.32,94.04,164.91,708927,360511,1137427,94026
Porto Alegre,2000,0.685,0.809,0.524,0.758,73.55,16.2,6.35,48.28,10.08,4.79,5.07,5.88,46.86,30.76,9.65,90.96,42.14,14.1,896.72,899.24,1613.93,74.47,128.59,277.06,450.62,787.47,2839.88,4219.12,20.8,14,0.58,0.62,2.81,10.52,26.94,43.49,89.45,154.89,3754652,1852920,5388894,572525
Vale do Rio Cuiabá,2000,0.668,0.766,0.533,0.729,70.95,24.7,3.64,50.41,9.86,7.66,8.29,10.3,47.53,33.03,9.31,90.02,37.88,10.29,746.19,751.27,1559.88,80.91,98.92,205.86,333.69,589.72,2502.76,3905.47,25.63,16.42,0.62,0.71,4.28,16.52,39.13,42.75,88.85,150.02,718993,415591,1075223,69172
Goiânia,2000,0.667,0.781,0.517,0.735,71.83,23,4.2,46.81,9.55,7.23,7.76,9.54,45.17,30.51,8.29,93.01,37.37,11.76,775.29,777.61,1474.26,80.87,113.87,230.89,361.94,625.97,2543.78,3903.68,22.65,14.76,0.61,0.66,2.93,13.17,34.46,43.73,92.14,156.01,1731456,974417,2744229,197792
DF e Entorno,2000,0.68,0.791,0.516,0.769,72.45,21.73,3.26,50.5,9.51,7.88,8.48,10.37,49.01,33.95,11.49,91.89,37.03,10.23,960.32,969.11,1951.23,77.64,94.14,211.3,375.79,766.36,3354.01,5075.15,33.23,21.96,0.65,0.82,5.21,17,36.97,39.47,84.92,143.38,2931188,1837079,4572269,273029
Manaus,2010,0.72,0.812,0.636,0.724,73.7,17.39,4,49.94,9.57,4.91,5.22,6.23,62.23,46.6,10.14,89.31,36.42,14.2,725.17,733.29,1367.23,79.96,93.84,217.38,350.93,585.35,2378.32,3736.97,24.01,15.28,0.61,0.7,5.85,16.37,37.41,31.96,81.04,148.04,2100144,1183579,2431651,136924
Belém,2010,0.729,0.817,0.656,0.722,74,19.1,5.49,43.5,9.91,3.98,4.17,4.89,63.63,45.1,11.3,91.99,40.68,13.46,715.11,718.11,1281.42,76.71,106.54,222.82,352.14,587.13,2306.92,3540.91,21.5,14.01,0.59,0.64,4.28,14.88,37.05,36.19,89.18,156.59,2268465,1145444,2847972,205567
Grande São Luís,2010,0.755,0.809,0.737,0.721,73.51,19.3,4.99,42.15,10.3,5.45,5.78,6.98,68.3,52.62,11.86,93.05,53,14.28,710.73,718.38,1283.9,78.05,95.07,214.01,341.85,581.63,2321.08,3566.98,23.08,15.02,0.6,0.67,5.91,16.08,38.83,30.58,81.15,151.33,1327992,671680,1643838,107642
Grande Teresina,2010,0.721,0.816,0.656,0.701,73.97,14.78,6.15,45.06,10.21,12.46,13.28,16.03,52.18,37.3,11.25,94.62,48.04,18.02,626.72,630.46,1093.26,74.59,79.51,185.99,299.07,504.74,2064.27,3220.89,24.26,15.55,0.61,0.7,7.98,20.23,44.9,34.5,80.17,145.66,1151336,606769,1439690,118194
Fortaleza,2010,0.732,0.814,0.672,0.716,73.86,16.78,6.32,43.32,10.33,9.2,9.79,11.69,57.1,40.7,10.67,91.79,44.41,12.53,688.72,690.81,1172.62,75.66,101.28,210.88,329.82,538.19,2263.44,3553.44,22.77,14.5,0.61,0.67,4.79,16.04,39.68,37.09,88.83,155.28,3603182,1815696,4477382,379718
Natal,2010,0.733,0.814,0.658,0.736,73.83,17.28,6.55,43.29,10.03,10.83,11.46,13.43,56.75,42.55,12.48,92.15,40.51,17.35,778.86,781.84,1319.22,72.43,102.21,224.54,372.5,639.24,2555.82,3899.98,23.87,15.64,0.61,0.69,4.92,15.2,36.23,34.39,85.36,152.25,1356555,666506,1677979,149630
Recife,2010,0.734,0.813,0.662,0.736,73.79,17.3,7.06,42.22,9.86,8.65,9.12,10.51,58.12,43.05,12.21,91.89,41.45,14.27,780.36,782.5,1314.92,69.11,95.2,211.3,339.29,577.73,2678.3,4262.04,27.81,17.48,0.64,0.77,5.89,16.46,39.47,35.61,83.12,151.83,3673540,1760568,4823267,444277
Petrolina_Juazeiro,2010,0.66,0.767,0.571,0.656,71.04,16.96,5.44,52.16,9.27,15.14,16.2,19.38,42.59,30.21,6.9,92.68,34.86,9.02,475.37,480.86,924.82,78.84,62.02,157.92,250.54,404.11,1502.29,2372.09,21.57,13.66,0.59,0.66,10.83,25.62,52.59,32.54,76.71,139.11,683972,391909,801381,62264
Maceió,2010,0.702,0.795,0.608,0.717,72.67,21.6,5.47,46.1,9.57,13.61,14.47,16.8,51.92,37.89,12,91.74,35.89,15.66,691.51,694.22,1262.78,72,86.62,191.57,309.86,543.81,2325.69,3618.86,26.02,16.72,0.63,0.74,6.69,18.97,43.96,36.13,83.54,149.44,1204815,638736,1494203,111297
Salvador,2010,0.743,0.824,0.661,0.754,74.45,16.2,5.72,38.18,9.41,4.87,5.1,5.87,64.85,49.08,12.63,91.64,35.83,14.16,874.07,876.07,1404.46,74.43,110.04,244.49,402.86,682.8,2930.14,4554.6,25.69,16.53,0.62,0.73,4.81,13.19,33.25,35.77,83.19,155.49,3558711,1635711,4719234,339331
Belo Horizonte,2010,0.774,0.849,0.694,0.788,75.94,13.9,7.16,40.08,9.93,4.07,4.28,4.99,58.67,42.96,15.05,92.88,47.65,17.99,1079.91,1080.51,1581.7,73.68,177.41,350.36,537.3,878.78,3455.69,5310.85,20.13,13.1,0.59,0.62,1.25,5.58,19.33,35.09,95.61,174.53,4860906,2224145,6443676,574091
Grande Vitória,2010,0.772,0.848,0.695,0.782,75.85,12.9,6.44,41.04,9.89,4.74,5,5.87,61.75,45.92,15.14,91.86,46.05,18.16,1038.38,1039.4,1621.23,74.75,172.55,341.81,544.17,908.31,3225.08,4832.79,18.79,12.54,0.57,0.59,1.28,5.89,20.09,36.24,96.21,172.94,1678532,783045,2165183,178613
Rio de Janeiro,2010,0.771,0.839,0.686,0.796,75.31,13.7,9.12,42.85,9.56,3.57,3.73,4.22,65.05,47.03,15.6,92.04,43.62,16.15,1130.75,1132,1691.81,69.17,164.26,338.04,539.31,914.75,3697.42,5695.18,22.68,14.72,0.6,0.67,1.87,6.76,21.06,35.27,90.73,168.83,11894867,5201891,15781326,1926611
São Paulo,2010,0.794,0.853,0.723,0.812,76.15,13,7.12,40.96,10.64,3.57,3.74,4.31,62.72,45.38,17.12,89.89,52.12,17.64,1249.72,1250.43,1909.2,76.78,189.54,386.97,604.87,1009.1,4058.11,6293.92,21.83,14.08,0.6,0.66,1.23,4.93,16.64,36.12,93.32,172.4,19601268,9040419,26141118,2381250
Baixada Santista,2010,0.777,0.842,0.72,0.775,75.5,14,9.06,45.16,10.73,3.98,4.18,4.75,62.29,45,14.47,92.23,54.02,13.46,996.7,997.5,1498.15,68.26,177.21,368.07,576.23,930.44,2931.54,4330.07,15.88,10.75,0.54,0.53,1.61,5.78,18.2,37.26,91.4,168.56,1656438,749341,2137238,254377
Campinas,2010,0.792,0.858,0.726,0.798,76.46,12.6,7.44,38.63,10.76,3.66,3.84,4.46,60.3,43.49,15.66,91.01,54.93,18.34,1148.94,1149.24,1748.43,78.99,238.3,460.27,681.71,1061.4,3303.01,4835.35,13.84,9.46,0.52,0.47,0.73,2.74,10.9,35.62,92.06,178.88,2782978,1169970,3622050,343501
Vale do Paraíba,2010,0.781,0.851,0.732,0.765,76.03,13.2,7.15,41.48,11.12,3.86,4.06,4.67,60.92,45.04,14.04,92.35,56.89,14.45,933.37,934.17,1462.22,74.65,177.2,352.91,541.16,857.15,2738.41,4059.43,15.32,10.33,0.53,0.51,1.4,5.67,18.63,36.68,93.71,170.87,2248235,1051844,2936587,268273
Sorocaba,2010,0.762,0.816,0.715,0.759,73.94,16.56,7.42,42.07,10.87,4.49,4.74,5.53,55.63,39.49,12.22,92.51,57.6,14.49,897.5,898.21,1400.15,75.64,195.8,378.86,559.04,847.02,2506.78,3685.26,12.83,8.72,0.5,0.45,1.09,4.4,15.89,36.4,93.55,175.07,1714294,796059,2197424,214717
Curitiba,2010,0.783,0.853,0.701,0.803,76.17,11.2,6.43,41.04,10.71,3.37,3.56,4.16,61.36,44.88,17.77,90.57,47.38,20.44,1183.32,1184.67,1735.98,76.8,215.87,428.77,648.52,1046.01,3577.41,5359.51,16.63,11.1,0.55,0.55,1.01,3.54,13.09,33.24,89.46,174.36,3207150,1513432,4177884,345757
Florianópolis,2010,0.815,0.869,0.752,0.827,77.11,6.54,6.65,35.77,10.93,2.74,2.87,3.32,69.4,53.9,21.38,91.81,49.95,26.86,1374.96,1375.07,1868.67,73.83,287.75,541.24,813.49,1296.62,3935.68,5654.8,13.64,9.5,0.52,0.46,0.32,1.6,7.52,41.78,97.53,184.76,871501,360511,1137427,94026
Porto Alegre,2010,0.762,0.855,0.649,0.797,76.31,11.1,8.24,42.06,10.07,3.1,3.25,3.7,60.78,42.95,13.99,92.15,42.99,17.59,1143.12,1143.91,1626.15,72.03,196.03,401.31,609.24,987.74,3521.29,5333.95,17.86,11.79,0.56,0.57,1.18,4.66,15.53,38.46,93.33,171.62,4004769,1852920,5388894,572525
Vale do Rio Cuiabá,2010,0.767,0.834,0.7,0.773,75.06,15.3,5.13,40.75,10.19,5.29,5.61,6.71,62.83,46.25,16.15,88.97,43.17,21.3,984.91,988.12,1571.3,80.38,166.79,336.83,521.27,854.93,3044.7,4591.7,18.23,12.09,0.57,0.58,1.86,6.38,20.09,31.29,89.42,167.19,829409,415591,1075223,69172
Goiânia,2010,0.769,0.836,0.691,0.786,75.14,12.98,5.73,39.59,10.14,4.5,4.78,5.69,60.33,44.01,15.21,90.19,47.68,21.63,1063.93,1064.53,1588.12,78.89,193.57,369.39,558.19,893.91,3304.6,5052.01,17.95,11.74,0.57,0.57,0.84,4.33,17.12,34.33,98.65,180.72,2165130,974417,2744229,197792
DF e Entorno,2010,0.792,0.857,0.701,0.826,76.41,13.2,4.74,42.87,10.05,4.98,5.3,6.31,63.01,48.12,18.72,93.18,48.22,19.75,1362.52,1365.23,2157.86,77.45,159.78,332.87,558.28,1083.2,4678.47,7063.02,28.67,18.99,0.64,0.77,1.96,7.2,21.61,35.81,91.56,166.89,3703351,1837079,4572269,273029
Manaus,2012,0.722,0.749,0.695,0.722,69.91,24.43,4.65,49.29,9.76,3.8,4.13,4.99,67.42,54.33,11.15,94.09,49.21,17.62,715.3,728.64,1472.12,81.61,113.64,233.73,374.91,600.94,2260.88,3486.06,20.07,13.02,0.581,0.587,4.17,12.62,34.03,25.18,83.86,154.69,2235353,589880,1497315,103931
Belém,2012,0.732,0.806,0.695,0.7,73.33,17.32,5.15,45.48,9.63,3.58,3.8,4.54,67.98,52.18,11.15,95.86,47.33,15.29,623.75,629.07,1142.54,78.24,123.68,252.49,388.31,612.51,1742.12,2487.62,13.23,9.26,0.507,0.449,4.05,10.7,30.52,38.45,81.18,158.17,2189212,551100,1504799,112751
Macapá,2012,0.718,0.782,0.684,0.691,71.93,27.79,3.21,52.81,9.61,4.91,5.46,7,66.57,53.37,13.65,93.14,52.15,16.95,588.96,592.93,1281.48,86.17,108.02,211.94,330.88,578.46,1710.41,2412.26,15.08,10.69,0.531,0.49,2.45,15.34,39.07,36.42,95.13,158.2,541712,165534,354498,17401
Grande São Luís,2012,0.729,0.726,0.794,0.673,68.53,29.54,5.65,40.53,9.98,4.23,4.52,5.55,75.1,58.21,10.55,95.26,62.29,14.98,525.78,534.85,1035.15,78.95,117.69,230.23,342.89,539.08,1401.61,1998.56,11.49,8.06,0.48,0.388,4.32,11.54,34.98,25.76,82.7,160.42,1381970,296270,983423,78028
Grande Teresina,2012,0.707,0.771,0.691,0.663,71.25,22.25,6.22,46.83,8.34,10.79,11.46,13.77,56.52,39.95,8.38,97.38,56.81,16.37,495,496.53,921.91,77.63,114.9,217.57,317,479.34,1347.86,1952.42,11.74,8.11,0.485,0.405,3.31,13.47,37.31,44.63,94.89,159.64,1189227,299392,809935,73912
Fortaleza,2012,0.732,0.769,0.721,0.706,71.14,22.74,6.51,43.12,9,8.45,9,10.93,62.67,45.61,11.93,95.15,53.92,16.05,645.49,651.92,1145.42,75.54,120.68,232.27,358.85,578.48,1944.34,2838.24,16.08,11.02,0.543,0.511,3.21,11.47,34.62,29.57,89.81,161.02,3749484,833217,2619848,244121
Natal,2012,0.723,0.815,0.667,0.694,73.89,21.92,6.39,44.98,8.73,9.52,10.06,12.01,58.18,44.08,10,95.19,42.03,14.27,600.98,603.44,1076.14,73.33,108.39,230.82,366.76,573.98,1716.9,2560.07,15.09,10.12,0.525,0.495,4.81,14.08,33.66,42.71,87.55,150.5,1418274,341016,978241,90639
João Pessoa,2012,0.707,0.779,0.647,0.7,71.74,22.84,6.73,43.94,8.35,11.54,12.27,14.18,54.09,42.2,12.63,95.24,48.68,17.73,621.96,627.99,1083,67.64,105.89,229.62,348.36,556.73,1877.3,2779.74,16.57,11.19,0.548,0.54,5.7,13.54,34.32,32.11,79.82,149.97,1234802,279175,857851,83119
Recife,2012,0.738,0.782,0.699,0.735,71.89,17.99,6.39,41.91,9.54,6.16,6.63,7.71,63.07,51.26,15.31,92.28,49.22,15.64,775.71,783.4,1436.99,76.52,110.87,235.97,374.54,646.11,2512.39,3756.12,21.66,14.49,0.593,0.636,4.06,12.87,32.75,28.2,84.64,150.87,3826732,840049,2696627,244518
Maceió,2012,0.714,0.776,0.685,0.686,71.54,24.95,5.99,42.31,8.79,9.78,10.34,12.04,60.67,44.27,12.6,93.94,45.06,17.8,572.88,582.32,1036.56,70.68,113.04,229.36,338.35,548.08,1641.05,2387.61,13.95,9.59,0.519,0.461,4.39,12.52,35.02,25.84,82.76,156.85,1203933,263953,845984,72121
Aracaju,2012,0.752,0.786,0.724,0.746,72.17,21.32,5.02,38.65,9.84,5.43,5.8,6.92,67.66,54.55,15.93,91.36,48.95,27.04,828.72,843.97,1442.85,75.73,130.48,264.33,419.45,740.49,2599.45,3651.7,18.5,13.17,0.569,0.565,3.42,9.18,28.7,18.02,75.86,160.7,877282,182946,632715,44021
Salvador,2012,0.746,0.771,0.708,0.761,71.26,25.27,5.78,36.92,10.05,3.97,4.09,4.88,70.05,57.42,14.6,95.86,41.41,21.27,908.75,923,1447.37,76.47,124.17,277.09,447.99,774.98,2919.54,4353.3,21.7,14.55,0.59,0.623,3.55,10.71,26.45,23.23,78.97,150.87,3715257,723749,2713412,214717
Belo Horizonte,2012,0.792,0.848,0.751,0.781,75.9,14.9,7.64,41.22,9.74,3.1,3.3,3.94,64.84,49.68,16.58,94.93,61.92,22.71,1030.47,1038.02,1574.42,77.29,205.08,397.15,602.23,945.83,3002.08,4398.66,14.61,9.97,0.527,0.478,1.49,3.56,13.27,23.3,75.49,166.98,5060834,1050677,3583606,386695
Grande Vitória,2012,0.79,0.894,0.728,0.758,78.64,9.71,6.5,40.14,9.78,4.35,4.59,5.43,68.29,52.38,14.62,88.85,51.22,16.83,896.02,903.02,1415.66,75.78,194.39,374,556.6,879.58,2473.17,3466.89,12.2,8.7,0.494,0.417,1.57,4.4,14.52,22.26,81.86,164.31,1782431,380086,1271906,115928
Rio de Janeiro,2012,0.784,0.884,0.715,0.761,78.05,10.69,9.54,42.55,9.95,2.81,2.95,3.37,69.44,51.8,15.9,93.55,54.1,17.29,913.04,926.3,1467.58,72.57,161.2,342.42,535.32,847.98,2675.66,3895.85,15.47,10.63,0.534,0.492,2.77,6.88,18.97,21.21,77.91,156.5,12191984,2289356,8552853,1162866
São Paulo,2012,0.834,0.904,0.808,0.795,79.26,9.79,8.61,39.84,10.18,2.97,3.15,3.59,70.53,56.13,19.62,93.6,67.71,20.78,1123.03,1140.22,1857.51,79.39,212.87,436.98,657.2,1028.86,3254.31,4831.69,14.87,10.02,0.528,0.473,1.95,3.81,11.63,8.52,60.06,155.94,20530417,3743212,14681443,1768305
Curitiba,2012,0.801,0.868,0.752,0.787,77.07,11.03,7.02,40.21,9.9,2.76,2.95,3.55,68.27,51.4,17.66,92.04,56.41,20.03,1070.92,1082.75,1675.8,77.62,235.97,464.51,700.46,1079.95,2886.39,4055.29,11.58,8.24,0.483,0.395,1.47,2.82,9.83,10.08,56.39,158.35,3316060,676596,2365096,232865
Florianópolis,2012,0.819,0.873,0.787,0.8,77.4,11.91,7.7,34.85,10.15,3.05,3.24,3.71,68.19,53.44,19.75,94.56,64.53,24.2,1160.89,1168.57,1689.91,76.11,285.89,541.18,801.69,1204.49,2985.62,4066.57,9.83,7.22,0.454,0.351,0.9,1.95,6.58,17.15,64.18,162.4,925289,161510,686159,71262
Porto Alegre,2012,0.78,0.856,0.7,0.791,76.33,12.29,9.38,42.35,10.08,2.32,2.41,2.67,67,50.89,16.65,95.29,57.17,21.41,1097.43,1105.81,1727.65,74.17,232.39,451.79,652.68,1027.26,3117.69,4531.58,13.25,9.11,0.511,0.446,1.29,2.88,10.79,14.36,68.53,169.02,4107706,803749,2885658,385328
Vale do Rio Cuiabá,2012,0.763,0.795,0.734,0.76,72.69,21.34,6.17,41.47,9.72,3.97,4.31,5.01,67.16,52.37,15.44,87.4,61.84,22.82,906.26,914.44,1510.46,78.63,197.87,379.53,546.42,848.39,2558.6,3758.9,13.02,8.86,0.505,0.432,1.23,4.55,14.02,9.11,85.64,163.29,868777,192738,614110,53631
Goiânia,2012,0.769,0.803,0.742,0.764,73.15,19.07,5.69,39.58,9.71,3.83,4.09,4.91,65.9,49.82,14.28,93.77,65.44,21.98,926.11,933.38,1541.57,83.5,218.1,401.02,585.23,912.13,2510.58,3592.26,11.6,8.11,0.484,0.39,0.81,2.72,13.14,2.43,84.98,185.48,2300915,501442,1648404,130821
Manaus,2013,0.73,0.753,0.717,0.722,70.19,23.62,4.22,48.47,9.93,3.61,3.84,4.61,69.76,56.31,12.01,95.74,56.88,16.58,713.49,723.81,1451.61,84.34,122.97,251.9,371.18,581.38,2242.14,3466.03,18.49,11.96,0.573,0.564,2.84,11.08,31.57,21.72,85.92,161.83,2280707,612678,1536172,96141
Belém,2013,0.739,0.809,0.698,0.716,73.54,16.73,5.63,41.59,9.84,3.35,3.55,4.07,69.42,51.75,13.16,95.24,45.96,14.22,690.04,694.81,1190.48,76.8,138.32,268.34,400.78,616.14,2025.62,2970.7,14.61,9.96,0.528,0.48,2.4,8.45,27.3,32,89.42,163.46,2206855,503988,1558678,124235
Macapá,2013,0.747,0.787,0.746,0.711,72.24,27.53,3.78,45.3,9.89,4.17,4.55,5.51,69.62,55.73,15.04,94.33,59.94,19.86,666.74,673.52,1416.07,88.12,127.55,252.73,402.92,696.1,1872.75,2585.78,13.6,9.85,0.512,0.452,2.22,11.22,30.24,27.4,95.7,160.66,553551,145665,380981,20950
Grande São Luís,2013,0.734,0.731,0.825,0.655,68.85,28.04,5.68,40.37,10.2,4.07,4.37,5.31,76.98,59.95,12.13,95.82,65.92,13.48,471.33,482.18,950.6,80.56,101.02,223.72,343.6,518.58,1179.73,1612.37,9.93,7.27,0.452,0.348,5.77,13.49,36.02,24.57,74.34,150.81,1391834,288220,991562,79096
Grande Teresina,2013,0.732,0.774,0.711,0.714,71.44,21.49,6.37,42.83,8.74,11.27,12.16,14.72,58.66,44.39,12.93,97.94,58.75,24.18,680.56,680.99,1189,76.91,134.7,255.23,380.12,593.16,2040.85,3129.58,16.05,10.47,0.545,0.522,2.47,9.64,29.8,50.84,94.52,163.59,1193829,278403,835833,76052
Fortaleza,2013,0.731,0.774,0.71,0.71,71.41,21.56,7.25,41.16,9.09,7.52,7.96,9.6,63.36,46.78,11.8,89.76,46.12,17.26,662.27,668.77,1146.21,76.89,122.5,262.41,393.68,611.92,1919.97,2836.29,14.74,9.98,0.526,0.486,3.85,10.34,28.48,30.9,80.82,152.36,3779635,786416,2677501,274045
Natal,2013,0.742,0.82,0.694,0.718,74.18,20.66,5.91,40.26,8.95,9.03,9.65,11.58,59.68,46.5,12.49,96.08,48.18,19.15,696.96,702.83,1212.51,76.62,129.13,272.05,436.16,664.82,1978.13,2847.67,14.2,9.86,0.515,0.466,3.3,8.85,27.64,33.21,78.98,156.86,1435897,313538,1023744,84841
João Pessoa,2013,0.728,0.785,0.686,0.716,72.11,21.52,6.34,45.23,8.72,10.83,11.57,13.51,57.45,44.45,15.45,96.31,48.86,20.04,686.99,693.17,1192.51,69.34,118.5,231.86,366.27,623.46,2118.47,3102.46,17.71,12.09,0.557,0.54,3.04,11.75,33.3,31,92.7,155.68,1243427,296099,856156,78804
Recife,2013,0.756,0.79,0.729,0.749,72.39,16.83,7.86,42.6,9.59,6.61,7.05,8.02,66.55,51.66,15.55,92.21,50.41,18.53,844.73,856.05,1573.32,76.72,118.97,262.92,425.71,690.47,2728.57,4155.57,21.76,14.29,0.591,0.628,4.41,11.13,28.44,30.09,78,147.76,3852054,793449,2701260,302958
Maceió,2013,0.701,0.783,0.647,0.68,71.95,23.14,6.2,43.55,8.6,10.59,11.33,13.26,58.77,42.61,11.46,91.22,38.75,15.18,551.09,554.87,1031.91,73.92,120.23,229.84,340.83,525.01,1534.79,2218.22,12.67,8.77,0.5,0.43,3.17,11.78,34.57,34.42,91.43,159.68,1213250,283123,845174,75231
Aracaju,2013,0.748,0.791,0.706,0.748,72.47,20.15,4.75,39.5,9.66,4.59,4.91,5.88,69.41,53.08,16.4,85.53,44.08,26.9,838.78,851.27,1467.96,76.3,123.88,266.85,426.55,717.29,2670.09,4023.25,20.59,13.67,0.586,0.604,3.15,11.41,28.18,21.94,89.06,152.63,889466,195635,637590,42284
Salvador,2013,0.741,0.776,0.705,0.743,71.54,24.05,5.81,36.82,10.26,4.36,4.51,5.17,73.18,60.08,14.28,96.83,48.1,13.62,816.34,824.79,1334.21,78.35,151.24,300.52,480.39,743.9,2411.52,3479.66,15.4,10.68,0.532,0.489,2.32,7.07,22.94,22.34,83.33,163.11,3746540,747338,2738397,217701
Belo Horizonte,2013,0.798,0.853,0.756,0.787,76.2,14.18,7.49,38.32,9.9,3.17,3.4,4.06,65.82,51.8,17.17,97.63,61.68,21.77,1069.46,1076.3,1653.25,77.92,210.57,422.4,629.47,960.03,3127.28,4575.11,14.46,9.88,0.524,0.476,1.36,3.59,13.15,23.65,79.07,167.45,5103531,985928,3689707,382148
Grande Vitória,2013,0.796,0.9,0.733,0.765,79.01,9.2,6.54,40.13,9.81,4.02,4.3,5.02,67.55,51.95,15.49,89.54,53.15,19.12,935.99,949.65,1590.63,78.5,176.17,358.4,554.66,883.93,2704.18,3890.58,14.56,10.12,0.523,0.467,2.62,5.23,17.03,19.35,66.14,161.49,1810555,373194,1292095,118366
Rio de Janeiro,2013,0.792,0.89,0.73,0.766,78.37,10.33,10.21,43.19,10.1,2.38,2.51,2.84,70.46,53.15,16.15,92.39,56.14,17.55,942.83,956.17,1556.7,74.53,175.66,362.29,556.02,880.18,2734.52,3977.96,14.79,10.17,0.527,0.478,2.56,5.51,16.9,19.2,70.86,158.21,12255385,2266360,8558750,1251392
São Paulo,2013,0.842,0.91,0.815,0.806,79.6,9.47,8.73,40.32,10.44,2.57,2.73,3.16,72.51,58.03,21.53,92.03,67.17,22.14,1206.91,1218.52,1968.26,80.14,219.68,443.03,687.43,1115.88,3566.1,5175.12,15.62,10.76,0.537,0.499,1.57,2.93,11.59,16.08,60.61,165.51,20706166,3928052,14756526,1807405
Curitiba,2013,0.812,0.873,0.775,0.791,77.4,10.57,6.66,40.55,10,2.98,3.16,3.77,69.94,52.81,19.31,93.21,56.55,21.3,1097.18,1106.99,1822.11,84.22,248.25,479.21,701.55,1105.41,2958.21,4149.38,11.41,8.13,0.481,0.39,1.16,2.69,8.56,10.03,74.98,163.1,3356024,712259,2387855,223478
Florianópolis,2013,0.837,0.879,0.816,0.817,77.76,11.52,6.94,36.62,10.94,1.56,1.65,1.73,75.96,59.83,25.15,91.63,69.66,30.92,1288.86,1299.64,1882.95,74.84,304.52,571.25,834.19,1345.26,3380.08,4612.27,10.53,7.72,0.467,0.363,0.88,1.25,5.45,2.07,29.51,162.92,942274,178644,689719,65430
Porto Alegre,2013,0.785,0.861,0.708,0.795,76.63,11.94,9.32,41.22,10.02,2.15,2.21,2.46,66.42,50.98,14.99,94.43,56.71,21.67,1125.62,1131.99,1683.32,73.76,245.66,473.56,685.89,1031.66,3180.78,4632.18,12.88,8.85,0.504,0.433,0.87,1.87,10.28,16.66,65.55,175.64,4132365,795600,2926199,385113
Vale do Rio Cuiabá,2013,0.785,0.8,0.799,0.757,72.98,20.83,7.02,42.04,9.99,5.43,5.75,6.63,69.94,55.8,18.63,90.56,62.06,27.76,891.05,895.1,1516.8,81.64,209.66,433.02,624.88,933.51,2253.4,3080.19,9.59,7.01,0.449,0.358,1.7,4.45,12.8,33,80.38,159.65,877008,192681,617458,61601
Goiânia,2013,0.78,0.806,0.759,0.776,73.34,18.53,7.61,40.14,9.67,4.41,4.68,5.42,65.02,50.09,15.96,90.61,66.68,22.93,997.57,1001.58,1533.9,77.75,244.64,444.54,627.61,935.05,2740.91,3947.19,11.45,7.95,0.483,0.397,0.8,2.3,9.64,20.43,85.4,168.9,2344839,483168,1673154,178331
Manaus,2014,0.732,0.758,0.723,0.717,70.46,22.86,4.59,48.42,9.81,3.79,4.09,4.9,68.18,54.19,12.94,95.56,51.15,19.83,691.67,695.14,1386.08,82.54,124.95,248.87,385.77,615.87,2079.47,3138.96,16.79,11.13,0.551,0.535,3.14,10.95,30.85,38.21,91.49,158.05,2326990,637671,1567842,106854
Belém,2014,0.734,0.812,0.693,0.704,73.74,16.18,5.76,41.64,9.79,3.43,3.68,4.37,68.65,52.17,11.17,96.22,47.62,16.99,638.63,641.56,1127.92,78.81,141.13,270.85,396.23,601.2,1787.88,2597.25,12.61,8.68,0.501,0.435,2.51,9.11,26.36,36.92,94.72,162.22,2224631,512269,1570651,128192
Macapá,2014,0.741,0.793,0.728,0.705,72.55,27.28,3.91,52.04,9.83,5.55,6.12,7.59,70.01,56.36,16.59,93.98,51.14,18.82,643.64,646.57,1438.73,84.68,122.75,239.64,387.44,648.75,1812.79,2565.86,14.16,10,0.518,0.47,2.65,11.23,32.37,44.91,94.79,158.02,565779,168962,372135,22115
Grande São Luís,2014,0.728,0.736,0.81,0.647,69.17,26.63,6.01,40.8,9.92,4.13,4.37,5.19,77.28,58.33,9.35,94.48,66.9,18.06,447.28,453.94,853.33,79.51,98.34,223.96,345.87,493.18,1074.24,1450.05,9,6.67,0.432,0.336,6.33,13.82,34.98,33.09,73.24,145.53,1402168,299639,995891,84262
Grande Teresina,2014,0.74,0.778,0.729,0.714,71.65,20.78,6.38,43.31,9,9.65,10.26,12.17,61.57,46.07,11.84,97.18,60.47,18.53,679.23,679.51,1102.93,73.64,138.2,273.48,427.91,653.1,1901.72,2794.53,13.58,9.24,0.509,0.457,1.65,9.66,26.62,46.58,98.87,161.25,1198432,283375,836228,76457
Fortaleza,2014,0.731,0.778,0.712,0.706,71.68,20.47,7.52,42.72,8.91,7.91,8.45,10.07,63.48,45.78,10.8,84.2,45.53,18.23,646.74,654.44,1119.05,75.07,124.74,258.83,386.67,602.29,1884.76,2764.64,14.42,9.83,0.522,0.473,4.26,10.52,29.19,34.89,82.03,156.19,3809713,795981,2669292,286566
Natal,2014,0.756,0.824,0.726,0.722,74.46,19.55,6.48,42.08,9.14,8.83,9.23,10.84,61.11,48.28,13.81,95.21,53.31,21.96,715.5,719.3,1226.78,74.43,132.5,269.72,420.48,673.2,2085.91,3036.01,15.1,10.37,0.529,0.496,3.07,8.66,28.07,30.32,83.55,159.62,1453465,327022,1022958,94187
João Pessoa,2014,0.727,0.791,0.667,0.727,72.46,20.32,6.39,45.89,9.13,10.68,11.13,12.81,61.24,48.63,15.69,95.98,43.17,18.46,738.87,742.6,1292.09,73.61,119.22,246.48,386.21,634.56,2305.17,3450.83,18.87,12.61,0.569,0.587,4.29,11.1,31.18,33.87,81.98,156.01,1254589,306425,859929,80218
Recife,2014,0.755,0.798,0.72,0.75,72.86,15.85,7.78,41.7,9.69,6.18,6.57,7.42,68.59,52.87,16.07,88.18,48.33,15.44,852.75,864.42,1614.4,79.55,116.95,262.08,420.68,700.56,2753.67,4137.8,21.83,14.53,0.594,0.637,5.06,10.95,28.75,31.27,73.94,149.19,3877327,784853,2736367,301640
Maceió,2014,0.721,0.789,0.67,0.709,72.36,21.52,6.68,43.79,8.96,9.75,10.44,12.24,60.83,47.12,15.25,82.69,45.94,16.79,659.84,669.67,1192.53,70.88,116.91,246.43,382.81,593.81,1959.22,2913.68,16.04,10.78,0.54,0.509,4.57,11.1,31.53,26.48,76.83,153.8,1222206,272468,849973,81626
Aracaju,2014,0.759,0.796,0.732,0.749,72.76,19.07,6.32,40.78,10.08,4.73,5.02,6.03,69.47,55.55,19,96.21,49.72,27.89,846.92,856.85,1530.68,78.85,140.44,285.15,466.06,788.58,2557.9,3611.13,16.97,12.02,0.55,0.536,3.6,7.49,24.74,25.06,72.41,157.83,901700,192810,640506,56947
Salvador,2014,0.754,0.78,0.719,0.765,71.81,22.95,6.66,36.5,10.48,3.08,3.27,3.81,74.6,60.55,16.14,93.48,53.04,19.37,933.34,942.67,1491.19,78.49,168.28,341.01,516.61,864.37,2776.89,4034.01,15.84,10.91,0.541,0.508,2.13,6.48,18.1,26.19,84.98,158.18,3776476,717894,2766750,251514
Belo Horizonte,2014,0.798,0.858,0.758,0.781,76.49,13.5,7.54,40.17,10.04,3.04,3.22,3.79,66.79,51.78,17.64,97.83,61.26,21.88,1034.44,1039.47,1595.47,77.37,219.28,425.4,615.03,969.01,2950.6,4200.61,13.03,9.15,0.508,0.444,1.19,3.03,12.61,25.06,78.57,174.31,5146597,1060622,3671720,387992
Grande Vitória,2014,0.806,0.906,0.744,0.777,79.37,8.75,7.74,41.83,10.12,3.42,3.64,4.27,70.2,54.92,18.04,92.92,53.89,19.13,1006.07,1016.98,1661.02,75.71,176.85,383.31,598.93,967,2909.25,4139.57,14.78,10.39,0.525,0.487,2.53,5.81,15.86,24.08,75.22,151.79,1839244,380132,1296773,142305
Rio de Janeiro,2014,0.803,0.895,0.749,0.772,78.69,9.99,10.97,41.94,10.22,2.56,2.66,2.98,72.36,53.85,17.23,92.01,57.39,20.54,974.42,989.37,1598.16,73.85,188.12,385.99,587.98,917.63,2791.35,4036.21,14.06,9.72,0.518,0.455,2.28,5.1,14.58,15.56,70.76,155.3,12321257,2095655,8680435,1352041
São Paulo,2014,0.85,0.915,0.827,0.812,79.9,9.17,8.41,40.27,10.55,2.7,2.83,3.25,72.63,58.37,23.04,92.23,74.13,23.58,1253.92,1267.55,2123.2,81.69,233.57,466.45,705.57,1171.16,3737.57,5358.92,15.31,10.68,0.535,0.491,1.61,2.58,10.21,12.64,48.39,165.35,20881992,3996682,14886702,1756596
Curitiba,2014,0.818,0.879,0.786,0.792,77.72,10.13,6.96,38.42,10.08,2.79,2.86,3.35,70.22,55.16,20.47,89.98,57.09,26.5,1106.07,1115.05,1801.67,82.16,260.45,500.81,721.21,1126.29,2916.05,4030.54,10.59,7.66,0.469,0.373,1.11,1.9,8.25,7.97,47.53,167.67,3397681,674789,2454703,236376
Florianópolis,2014,0.836,0.885,0.809,0.817,78.12,11.15,7.76,32.53,10.51,2.49,2.59,3.06,72.39,57.24,22.07,93.13,66.29,28.14,1291.74,1299.84,1779.78,73.1,318.11,610.82,882.77,1326.18,3319.16,4534.87,9.76,7.15,0.453,0.349,0.68,1.12,6.67,4.57,47.49,177.99,959394,153533,723892,74462
Porto Alegre,2014,0.787,0.866,0.702,0.801,76.93,11.62,10.27,41.58,10.19,2.03,2.15,2.33,68.02,51.38,17.54,93.13,48.28,22.77,1171.43,1180.64,1785.9,73.84,240.25,489.79,721.31,1112.24,3297.76,4755.48,13.03,9.03,0.506,0.439,1.23,2.63,10.13,15.77,66.94,169.17,4157610,758920,2936569,427151
Vale do Rio Cuiabá,2014,0.787,0.804,0.8,0.757,73.26,20.33,7.28,42.57,10.09,4.4,4.72,5.51,73.56,55.85,18.05,73.37,58.77,26.49,890.77,896.47,1544.25,80.54,225.1,416.38,611.36,880.7,2319.4,3225.99,10.06,7.23,0.457,0.351,0.95,2.59,12.02,9.31,75.58,178.5,885755,194347,621294,64482
Goiânia,2014,0.786,0.809,0.781,0.77,73.51,18.01,5.7,38.44,10.13,3.47,3.7,4.37,69.5,54.63,16.91,95.63,54.9,28.27,965.34,973.5,1595.95,83.63,227.68,441.27,641.19,966.72,2542.92,3509.97,10.49,7.6,0.467,0.373,1.26,3.57,10.26,7.75,69.6,158.12,2389621,505113,1726149,136121
Manaus,2015,0.736,0.762,0.738,0.708,70.72,22.14,4.34,47.87,10.18,4.23,4.59,5.32,72.58,58.22,14.58,94.7,54.14,19.75,656.47,661.75,1371.4,82.92,113.45,233.19,371.89,611.06,1955.47,2923.54,16.87,11.28,0.547,0.528,3.75,12.83,33.83,35.27,87.55,154.72,2373109,645974,1604808,102910
Belém,2015,0.745,0.816,0.721,0.702,73.94,15.66,6.04,43.41,9.6,3.75,4,4.9,66.54,50.23,11.47,96.41,51.94,19.32,631.45,633.83,1096.27,74.76,138.29,254.83,380.71,593.26,1792.88,2628.92,13.37,9.12,0.51,0.451,2.51,8.76,30.2,38.54,90.77,168.82,2242438,533193,1563684,135426
Macapá,2015,0.738,0.798,0.706,0.713,72.85,27.03,4.64,50.48,9.96,6.3,6.55,7.89,69.46,58.6,16.66,93.96,63.5,20.91,674.58,682.04,1435.32,84.52,113.34,239.04,384.18,670.8,1953.64,2711.68,15.39,11.09,0.534,0.498,3.53,12.84,33.33,37.72,87.28,156.31,577945,160413,384070,26831
Grande São Luís,2015,0.739,0.742,0.796,0.682,69.49,25.33,5.72,39.52,10.04,4.71,4.99,5.93,74.95,59.49,12.87,94.97,66.63,22.06,557.58,563.25,1072.08,81.14,112.78,234.46,359.63,562.9,1521.58,2149,12.38,8.76,0.494,0.424,4.36,12.45,34.17,33.82,85.13,155.37,1412983,302640,1012745,80848
Grande Teresina,2015,0.745,0.781,0.754,0.702,71.84,20.1,7.24,45.9,8.86,10.67,11.35,13.38,60.78,44.89,12.32,97.78,60.66,22.01,630.11,632.37,1090.12,75.69,134.16,248.95,385.71,596.25,1791.19,2636.9,13.77,9.35,0.513,0.456,2.43,9.17,31.45,39.22,91.09,167.83,1203635,285647,824966,87200
Fortaleza,2015,0.738,0.782,0.728,0.707,71.92,19.51,7.31,43.33,9.09,7.63,8.09,9.54,64.42,46.8,11.9,90.68,58.09,19.1,653.28,663.53,1163.02,76.01,117.78,241.91,382.42,608.25,1938.8,2813.71,15.64,10.78,0.534,0.49,3.79,10.57,32.39,25.37,78.13,156.61,3841890,812466,2680378,280670
Natal,2015,0.773,0.829,0.754,0.738,74.73,18.59,6.74,41.96,9.89,6.13,6.5,7.4,67.58,53.44,17.12,96.38,59.49,23.29,788.83,791.16,1350.98,72.62,140.5,284.71,455.32,758.68,2303.19,3314.43,15.59,10.83,0.534,0.515,2.92,8.63,25.68,33.03,85.66,161.9,1471387,330284,1036466,99226
João Pessoa,2015,0.748,0.797,0.709,0.741,72.8,19.23,7.18,44.14,9.36,9.93,10.58,12.29,63.18,51.48,16.81,96.29,52.51,22.46,805.42,812.62,1383.43,71.51,133.62,256.5,400.7,677.72,2554.97,3759.78,19.28,13.1,0.576,0.585,2.98,8.85,29.63,31.22,85.87,161.62,1267410,283755,879307,90965
Recife,2015,0.768,0.805,0.758,0.743,73.32,15.03,8.51,37.45,9.99,5.02,5.24,5.85,69.23,56.06,19.2,90.59,53.53,21.63,813.7,827.83,1429.57,76.96,117.76,260.29,406.88,676.87,2610.29,3986.97,21.09,13.81,0.587,0.612,5.27,10.85,28.59,30.53,72.75,149.35,3903544,664386,2839945,332082
Maceió,2015,0.707,0.796,0.647,0.685,72.76,20.06,6.04,43.08,8.77,9.57,10.21,12.03,58.05,43.28,12.12,82.62,45.91,15.83,568.06,572.39,1036.97,72.54,114.79,228.38,341.17,538.97,1615.29,2337.87,13.63,9.41,0.512,0.453,3.15,12.26,35.56,33.94,88.15,159.29,1230998,286008,860362,74324
Aracaju,2015,0.764,0.801,0.748,0.743,73.04,18.1,6.56,38.05,10.19,5.92,6.18,7.33,69.49,56.85,20.04,98.22,62.63,26,814.47,818.18,1495.55,80.09,144.81,291.5,456.93,742.49,2421.77,3497.18,16.03,11.1,0.543,0.521,1.98,8.44,24.23,28.22,93.08,160.59,914076,186863,662148,59971
Salvador,2015,0.757,0.785,0.738,0.75,72.07,21.93,6.63,35.46,10.55,3.62,3.69,4.23,74.08,62.56,17.9,96.9,44.84,21.39,853.77,863.51,1337.32,76.88,154.54,317.32,493.83,764.13,2534.96,3644.64,15.45,10.74,0.534,0.497,2.8,6.38,21.91,23.64,70.93,162.33,3807614,694651,2810809,252450
Belo Horizonte,2015,0.806,0.863,0.778,0.78,76.78,12.87,8.09,38.15,9.98,2.9,3.04,3.55,66.86,51.98,17.73,96.62,67.62,23.89,1024.23,1033.2,1559.86,75.4,207.67,412.81,606.67,939.96,2952.55,4309.25,13.89,9.52,0.519,0.461,1.42,3.67,12.6,16.94,75.59,161.57,5190614,962638,3757353,419664
Grande Vitória,2015,0.806,0.912,0.755,0.76,79.7,8.34,6.71,39.7,10.13,3.44,3.67,4.24,70.93,55.6,17.2,95.22,56.81,19.37,907.07,921.82,1593.66,79.88,152.15,332.37,525.37,843.81,2677.67,3856.7,15.92,11.05,0.539,0.508,3.22,7.76,19.6,21.13,73.63,149.98,1868224,374971,1337283,125448
Rio de Janeiro,2015,0.809,0.9,0.768,0.767,78.99,9.66,11.47,43.97,10.33,2.32,2.4,2.67,73.62,55.87,17.31,94.62,58.06,22.14,946.75,961.17,1573.43,73.68,180.52,378.18,580.29,911.11,2687.53,3847.31,13.77,9.62,0.514,0.45,2.39,5.33,16.24,16.21,68.59,157.92,12390196,2167984,8606063,1421380
São Paulo,2015,0.85,0.92,0.832,0.802,80.2,8.88,9.06,40.45,10.58,2.74,2.88,3.33,73.25,59.4,22.31,94.03,74.4,22.28,1175.49,1188.23,1992.73,80.2,214.84,428.13,652.9,1019.5,3549.25,5300.12,16.49,11.04,0.549,0.517,1.54,3.26,11.91,12.04,65.84,162.62,21061897,3913486,14996331,1908526
Curitiba,2015,0.815,0.884,0.784,0.781,78.03,9.69,7.8,40.03,10.22,2.22,2.3,2.66,70.87,55.91,22.71,93.14,56.7,23.06,1035.17,1043.7,1688.46,80.56,246.15,485.41,722.33,1103.8,2614.07,3539.7,9.68,7.15,0.452,0.349,1.18,2.74,9.59,17.04,68,162.95,3439954,685530,2456600,268313
Florianópolis,2015,0.839,0.891,0.813,0.816,78.46,10.79,7.98,35.67,11.15,1.9,2.01,2.29,77.47,62.5,25.99,94.5,62.18,30.36,1282,1295.65,1774.97,72.74,331.58,614.27,908.6,1340.56,3217.14,4358.4,9.22,6.8,0.441,0.321,1.05,1.62,4.86,0,35.84,152.84,976931,167788,720075,77952
Porto Alegre,2015,0.784,0.87,0.706,0.784,77.22,11.29,9.43,41.39,10.39,2.04,2.12,2.34,69.66,54.14,18.81,94.06,49.66,19.65,1052.64,1059.35,1620.23,75.52,234.5,472.45,710.25,1084.17,2762.4,3839.3,10.86,7.81,0.47,0.383,1.42,2.75,10.59,21.69,65.34,168.7,4184126,800681,2959243,394728
Vale do Rio Cuiabá,2015,0.795,0.809,0.838,0.742,73.52,19.86,6.38,42.47,10.14,3.34,3.56,4.17,75.85,56.4,15.95,92.2,73.57,31.75,810.87,821.73,1367.2,81.22,192.47,392.38,566.15,839.11,2033.38,2776.52,9.49,6.95,0.449,0.34,2.26,4.26,14.38,18.13,63.89,158.15,894835,197866,628086,57055
Goiânia,2015,0.783,0.812,0.778,0.76,73.7,17.5,6.79,39.42,10.12,3.51,3.67,4.29,70.99,53.78,17.89,96.85,70.34,26.12,905.58,916.65,1545.75,82.62,208.62,419.53,613.83,946.52,2335.04,3131.82,9.97,7.43,0.459,0.354,1.54,4.3,12.77,9.54,77.12,161.62,2435009,493395,1746495,165302
Manaus,2016,0.739,0.766,0.761,0.691,70.98,21.47,4.33,46.8,10.16,3.61,3.87,4.6,74.44,60.92,16.27,96.99,59.32,20.21,590.84,597.37,1237.21,82.8,100.44,211.55,322.16,545.48,1776.23,2623.36,16.82,11.39,0.55,0.527,5.15,15.37,38.89,39.99,84.85,153.03,2416749,638571,1646331,104589
Belém,2016,0.746,0.819,0.719,0.705,74.14,15.17,7.11,40.04,10.02,3.32,3.53,4.18,70.7,54.76,13.03,95.15,49.57,20.21,643.46,646.42,1130.9,76.66,133.48,257.23,388.29,592.84,1840.23,2713.67,13.89,9.42,0.516,0.462,2.86,9.03,30.15,38.88,88.99,165.21,2259233,473306,1613329,160735
Macapá,2016,0.746,0.802,0.733,0.705,73.12,26.78,3.65,45.36,10.64,3.46,3.81,4.41,76.69,63.95,21,92.7,51.58,24.4,643.86,650.54,1404.86,85.18,110.33,233.65,379.54,636.4,1858.31,2592.57,15.07,10.8,0.528,0.491,4.24,13.16,33.4,36.63,85.32,150.69,589931,156160,405849,21522
Grande São Luís,2016,0.749,0.747,0.822,0.685,69.79,24.11,5.87,39.65,10.19,3.71,3.98,4.84,77.39,62.41,13.81,97.38,70.19,23.59,569.45,578.26,1149.13,82.17,104.56,225.42,338.36,540.19,1638.32,2421.88,14.68,9.93,0.527,0.484,5.36,13.11,36.02,29.93,76.69,153.72,1423244,298477,1019176,83512
Grande Teresina,2016,0.726,0.784,0.705,0.692,72.03,19.48,6.03,43.63,8.91,9.88,10.63,12.31,59.64,44.13,13.13,98.69,56.13,20.1,593.18,595.25,1048.99,76.34,110.79,225.97,361.72,574.85,1693.81,2477.93,14.72,10.06,0.522,0.482,3.24,14.42,34.08,43.17,94.17,150.55,1208516,288565,841388,72921
Fortaleza,2016,0.75,0.786,0.758,0.708,72.18,18.64,7.78,41.17,9.23,7.3,7.68,9.07,66.55,48.81,12.19,96.99,60.32,19.41,653.9,660.82,1152.18,74.54,115.47,239.42,369.52,569.51,1981.38,2992.07,16.86,11.17,0.552,0.54,4.76,11.46,33.04,32.53,78.91,155.82,3873701,779694,2743946,301334
Natal,2016,0.766,0.833,0.729,0.741,74.98,17.75,7.36,39.59,9.96,7.38,7.77,8.94,67.72,54.59,17.65,97.11,49.22,22.82,807.06,812.44,1368.67,72.85,135.66,284.02,440.69,710.7,2453.64,3587.51,17.1,11.69,0.555,0.556,3.97,8.88,26.19,33.17,75.25,158.64,1488314,300578,1066221,109572
João Pessoa,2016,0.748,0.802,0.718,0.728,73.12,18.26,8.42,45.34,9.47,8.09,8.61,10.19,63.05,51.22,17.96,97.62,55.81,21.5,743.96,745.84,1281,70.64,118.63,246.14,409.6,664.1,2291.27,3387.11,18.57,12.56,0.562,0.573,3.31,12.94,31.58,40.64,93.89,152.83,1279484,286904,880316,107795
Recife,2016,0.766,0.813,0.758,0.73,73.75,14.33,8.25,39.41,9.8,5.43,5.7,6.49,70.44,55.23,17.7,97.44,58.62,19.03,752.06,769.96,1443.63,76.09,101.56,235.75,374.39,604.08,2429.76,3731.22,22.12,14.41,0.598,0.633,5.82,12.86,32.76,23.39,70.2,144.53,3927484,690596,2817293,323946
Maceió,2016,0.73,0.802,0.693,0.7,73.14,18.77,7.48,40.64,9.2,9.02,9.53,11.11,62.53,48.8,15.42,94.84,46.74,22.02,623.42,629.44,1112.97,71.46,122.69,244.3,367.34,595.06,1781.43,2550.83,13.9,9.71,0.518,0.466,3.38,10.79,31.75,29.81,84.48,156,1239068,251744,880993,92624
Aracaju,2016,0.753,0.805,0.712,0.746,73.3,17.2,6.19,38.38,10.14,5.65,5.99,7.03,69.56,56.06,19.9,96.9,58.81,22.64,827.94,847.48,1599.03,80.31,98.42,256.6,437.95,754.94,2651.49,3758.7,21.17,14.94,0.582,0.617,6.89,13.29,29.06,28.03,68.99,133.26,925792,176755,669003,57280
Salvador,2016,0.762,0.789,0.758,0.741,72.33,21,7.67,38.73,10.36,3.93,4.13,4.77,73.39,60.42,16.31,96.28,49.17,21.46,804.46,814.9,1318.47,72.73,120.05,275.89,446.73,725.87,2455.32,3640.1,18.39,12.4,0.563,0.571,5.45,10.33,26.89,37.39,71.48,147.35,3837498,724588,2766096,294491
Belo Horizonte,2016,0.804,0.868,0.784,0.765,77.05,12.29,7.82,38.42,10.14,2.75,2.9,3.37,68.85,53.78,18.42,98.11,65.79,23.31,932.59,946.54,1459.67,75.56,173,367.66,553.87,876.46,2674.47,3847.12,14.23,9.89,0.52,0.469,3.2,5.71,16.29,21.3,62.41,153.33,5231802,964428,3779747,409295
Grande Vitória,2016,0.808,0.917,0.769,0.749,80,7.97,7.45,39.32,10.13,3.42,3.64,4.32,72.18,57.8,18.05,96.85,58.87,24.56,846.16,863.7,1458.69,76.52,135.53,317.34,499.05,809.21,2469.98,3557.14,15.71,10.91,0.535,0.5,4.69,8.3,21.98,25.54,62.28,145.42,1896056,354973,1360968,141194
Rio de Janeiro,2016,0.815,0.905,0.773,0.773,79.28,9.34,12.06,41.86,10.5,1.92,2.01,2.26,74.93,58.44,20.47,97.42,59.28,21.04,982.54,1000.41,1675.67,74.84,164.63,363.26,568.83,930.07,2872.59,4129.07,15.64,10.88,0.536,0.498,3.17,6.12,17.6,17.15,63.93,150.95,12454124,1941103,8779209,1501895
São Paulo,2016,0.866,0.925,0.86,0.816,80.47,8.61,8.85,39.85,10.96,2.11,2.21,2.5,76.78,63.32,26.41,93.3,78.03,26.22,1282.91,1297.48,2178.55,81.37,203.59,430.79,688.28,1170.75,3863.3,5665.91,17.86,12.18,0.558,0.552,2.08,4.31,12.41,14.91,64.84,153.34,21235551,3903358,15184441,1878449
Curitiba,2016,0.829,0.889,0.817,0.785,78.33,9.3,8.85,39.01,10.19,2.09,2.23,2.6,74.93,58.81,22.56,95.66,63.15,24.67,1058.91,1071.56,1731.74,78.54,228.3,469.14,695.93,1052.96,2842.77,4025.85,11.54,8.15,0.482,0.393,1.38,3,10.83,5.83,65.87,164.31,3480411,626880,2503767,308076
Florianópolis,2016,0.844,0.897,0.828,0.809,78.79,10.45,8.52,35.08,10.86,1.88,1.97,2.32,77.74,62.07,24.99,97.62,53.65,35.72,1226.85,1235.45,1789.95,76.02,295.49,568.58,836.71,1309.05,3138.24,4230.23,9.79,7.26,0.454,0.354,0.99,2.13,6.37,7.44,58.54,158.48,994392,166170,736169,84766
Porto Alegre,2016,0.799,0.875,0.739,0.79,77.5,10.98,10.17,40.94,10.4,2.04,2.15,2.4,71.1,54.6,18.23,97.74,51.32,25.92,1091.71,1104.32,1676.09,73.37,214.36,445.61,667.99,1041.51,3086.47,4426.97,13.42,9.35,0.51,0.448,2.07,4.15,11.52,20,68.22,155.77,4209789,744318,2987001,427980
Vale do Rio Cuiabá,2016,0.797,0.813,0.837,0.743,73.79,19.39,6.86,40.86,10.08,3.74,3.98,4.74,75.3,58.21,21.38,95.68,68.44,27.12,814.86,823.68,1484.79,84,181.62,354.34,532.87,816.39,2188,3037.65,11.34,8.16,0.481,0.396,2.1,3.52,17.41,15.33,55.51,169.36,903381,190004,641346,62003
Goiânia,2016,0.783,0.815,0.784,0.751,73.88,17.02,7.2,41.83,9.84,4.17,4.39,5.14,69.06,54.05,19.7,95.99,64.46,23.41,856,867.92,1421.23,78.89,176.58,365.13,556.8,834.72,2342.04,3377.69,12.47,8.65,0.492,0.417,2.53,5.13,16.42,14.32,63.29,155.51,2478630,517248,1747619,178388
Manaus,2017,0.756,0.771,0.788,0.71,71.23,20.84,4.87,44.35,10.62,2.75,2.94,3.51,75.06,62.76,17.77,97.77,65.23,23.68,662.64,679.24,1411.01,83.12,88.78,207.56,333.74,576.91,2107.08,3207.86,21.65,14.22,0.592,0.623,6.81,15.86,38.51,26.77,73.33,143.96,2459845,574919,1704101,119872
Belém,2017,0.752,0.822,0.73,0.708,74.32,14.72,6.98,40.24,10.32,3.48,3.69,4.31,72.94,57.3,15.57,96.12,52.74,22.98,653.74,660.34,1171.9,77.28,124.86,253.31,390.47,600.31,1897.98,2814.22,14.88,10.04,0.529,0.492,3.78,10.19,30.64,27.92,77.56,160.11,2275757,468814,1622760,158830
Macapá,2017,0.739,0.807,0.713,0.701,73.39,26.54,4.46,48.68,10.04,5.12,5.56,7.21,69.18,56.1,17.93,96.65,55.85,25.26,626.28,631.89,1451.16,86.52,94.27,190.45,299.77,534.32,2017.87,2981.48,20.94,14.17,0.591,0.629,5.74,19.63,44.45,37.63,91.87,151.62,601678,164474,404669,26821
Grande São Luís,2017,0.744,0.752,0.825,0.664,70.09,23,6.22,40.67,10.34,3.44,3.65,4.27,77.68,61.03,13.71,97.15,66.51,22.94,496.86,513.57,987.64,78.19,80.09,209.1,329.47,524.22,1343.2,1864.93,12.9,9.29,0.499,0.429,8.75,17.33,38.76,27.14,67.31,138.92,1433564,277378,1019117,89214
Grande Teresina,2017,0.744,0.787,0.749,0.699,72.22,18.88,7.9,42.59,9.21,9.2,9.84,11.53,61.53,47.08,14.67,98.35,59.21,26.69,619.15,622.26,1074.79,74.1,119,247.18,379.74,581.71,1770.81,2531.9,13.83,9.67,0.518,0.475,3.89,10.94,31.19,37.98,81.14,154.69,1213338,258811,850930,95864
Fortaleza,2017,0.754,0.79,0.754,0.72,72.42,17.85,7.71,41.36,9.72,6.11,6.45,7.67,67.2,52.28,13.99,97.74,57.94,21.61,706.45,711.05,1216.69,76.76,123.59,258.42,399.3,626.08,2129.3,3195.24,16.73,11.15,0.55,0.537,3.96,10.89,30.38,39.84,83.11,159.06,3904606,812636,2762185,301079
Natal,2017,0.749,0.837,0.707,0.709,75.24,17.02,7.75,40.51,9.65,7.18,7.61,8.98,64.03,50.58,16.57,96.14,50.08,23.77,661.47,674.72,1108.69,67.8,93.66,236.93,390.72,657.74,1928.1,2718.58,16.45,11.66,0.538,0.526,6.83,14.47,32.91,28.99,69.87,141.15,1504536,286590,1070731,116542
João Pessoa,2017,0.768,0.807,0.751,0.746,73.44,17.37,8.86,45.08,9.63,9.16,9.77,11.3,64.95,53.47,19.74,96.2,60.83,27.61,827.98,831,1403.36,72.44,144.52,282.6,430.96,707.07,2574.55,3858.05,18.07,12.06,0.564,0.563,2.68,8.03,25.33,44.87,87.56,163.73,1291312,281096,890075,114410
Recife,2017,0.763,0.819,0.756,0.718,74.16,13.75,10.01,41.13,9.85,5.34,5.68,6.36,66.7,53.35,14.87,97.77,60.79,15.94,696.58,706.38,1300.55,72.4,108.86,241.06,378.48,603.24,2159.06,3291.24,18.81,12.34,0.569,0.577,5.61,12.43,32.7,31.9,76.22,150.4,3950556,697300,2799237,395414
Maceió,2017,0.726,0.808,0.691,0.686,73.5,17.63,8.63,41.09,9,9.54,10.09,11.74,59.87,45.89,13.52,95.62,55.89,19.03,572.6,581.27,1044.34,67.9,105.97,232.91,347.84,534.16,1647,2425.93,14.32,9.72,0.521,0.473,4.97,13.39,34.56,29.18,79.39,152.37,1246850,235402,883703,107572
Aracaju,2017,0.752,0.809,0.733,0.717,73.56,16.39,6.19,40.22,10.1,6.05,6.41,7.34,69.18,54.34,17.87,97.64,52.8,23.43,693.68,707.42,1320.5,73.98,86.16,238.1,400.23,674.67,2070.67,2922.2,18.02,12.77,0.552,0.57,8.26,15.54,32.27,27.98,67.67,132.43,937307,190649,668431,57976
Salvador,2017,0.767,0.793,0.734,0.775,72.58,20.15,8.69,36.9,10.52,3.67,3.86,4.4,72.76,61.39,17.74,96.25,49.42,23.29,996.72,1017.54,1622.24,74.92,105.08,271.95,460.11,754.97,3379.23,5268.93,27.95,17.93,0.634,0.751,7.19,12.07,27.81,30.34,63.73,139.73,3867142,624830,2824855,336047
Belo Horizonte,2017,0.813,0.872,0.792,0.777,77.32,11.75,8.82,38.99,10.46,2.48,2.62,3.1,70.75,56.99,20.44,97.98,68.39,20.32,1006.19,1017.48,1534.69,72.65,170.7,373.05,580.71,930.82,2975.77,4360.97,16.04,10.95,0.54,0.513,2.5,6.27,16.52,23.49,78.05,151.29,5272059,952894,3793044,464921
Grande Vitória,2017,0.81,0.922,0.76,0.758,80.3,7.64,7.17,42.99,10.43,3.26,3.45,3.96,73.13,60.07,20.16,98,55.83,21.52,894.28,910.77,1527.13,76,141.86,328.7,522.58,853.68,2637.24,3785.72,16.09,11.21,0.539,0.51,4.26,8.41,20.17,27.41,67.65,144.03,1923539,404907,1345219,137982
Rio de Janeiro,2017,0.816,0.909,0.779,0.768,79.55,9.04,11.96,41.11,10.65,2,2.09,2.31,74.91,59.2,20.28,97.29,62.47,22.42,951.89,971.68,1559.22,71.5,162.59,362.02,566.84,899.22,2769.41,3973.04,15.15,10.56,0.53,0.483,3.38,6.62,17.5,14.55,63.29,147.87,12516330,1887165,8869948,1496606
São Paulo,2017,0.86,0.929,0.847,0.807,80.74,8.36,8.53,40.17,10.97,2.34,2.43,2.81,76.08,63.29,25.32,95.94,74.01,22.31,1214.69,1228.6,2029.94,81.11,187.14,404.4,649.75,1089.76,3760.74,5498.95,18.59,12.71,0.564,0.565,2.3,5.02,15.23,23.3,70.63,158.65,21402888,4054398,15269009,1825758
Curitiba,2017,0.828,0.894,0.802,0.792,78.62,8.92,8.55,41.16,10.29,2.64,2.74,3.18,71.05,57.27,22.71,96.21,63.53,23.84,1107.78,1120.79,1820.58,77.8,213.85,441.66,671.05,1051.18,3156.82,4565.07,13.93,9.63,0.515,0.458,2.34,4.07,12.06,24.64,62.37,160.53,3520208,683263,2493840,301065
Florianópolis,2017,0.846,0.902,0.828,0.812,79.09,10.11,10.72,38.38,11.32,1.54,1.61,1.76,76.57,65.43,29.15,97.86,67.09,30.1,1250.56,1265.09,1767.57,71.27,301.52,597.56,874.06,1347.48,3113.32,4174.13,9.29,6.93,0.442,0.326,1.43,1.97,5.12,7.08,37.46,142.63,1011652,160392,731061,108428
Porto Alegre,2017,0.808,0.88,0.752,0.797,77.77,10.68,11.25,42.91,10.56,2.05,2.15,2.38,71.56,55.51,19.42,98.54,51.26,26.41,1143.27,1154.23,1749.46,72.38,221.94,464.53,699.44,1097.47,3236.83,4665.49,13.59,9.43,0.512,0.454,1.6,3.2,11.66,17.47,63.35,161.9,4233592,753947,2962315,476487
Vale do Rio Cuiabá,2017,0.787,0.817,0.808,0.737,74.04,18.93,6.89,43.09,10.21,3.89,4.11,4.7,75.58,59.09,19.66,96.85,69.99,23.08,787.25,796.77,1303.38,74.81,158.13,349.93,528.54,784.93,2112.22,3065.4,12.07,8.31,0.486,0.403,1.44,5.53,20.36,6.92,81.49,159.41,911800,200839,637203,62857
Goiânia,2017,0.79,0.818,0.781,0.772,74.05,16.55,7.32,37.6,10.27,3.04,3.19,3.76,67.97,54.97,19.9,96.41,58.34,25.29,977.44,985.43,1547.23,80.86,210.67,416.8,619.29,919.53,2718.82,3898.98,12.43,8.67,0.497,0.428,1.9,3.92,11.83,23.35,71.16,157.55,2521290,483789,1832394,184511
Manaus,2018,0.746,0.775,0.776,0.69,71.47,20.25,6.4,42.78,10.67,2.59,2.71,3.25,73.31,62.51,18.56,96.34,60.36,20.17,587.19,596.01,1128.04,77.24,90.76,217.79,344.72,594.49,1689.43,2387.87,15.48,10.95,0.531,0.505,6.92,15.97,37,36.8,75.66,145.24,2503731,550288,1753499,160281
Belém,2018,0.783,0.825,0.781,0.745,74.51,14.29,8.01,42.63,10.65,2.98,3.16,3.5,73.63,59.73,19.02,95.95,64.2,24.99,826.2,837.24,1451.3,75.16,116.9,245.6,399.39,693.39,2667.11,4048.93,22.34,14.72,0.597,0.638,4.32,10.85,32.48,29.87,79.04,158.46,2292758,468430,1607478,183624
Macapá,2018,0.756,0.811,0.776,0.687,73.65,26.29,5.33,45.67,10.34,5.17,5.3,6.61,71.35,60.09,20.26,97.33,54.56,32.03,573.45,580.51,1265.95,82.2,88.23,195.28,317.99,569.22,1694.49,2378.22,16.78,11.95,0.545,0.538,6.37,17.66,41.54,30.19,82.67,147.17,613244,151646,420982,32678
Grande São Luís,2018,0.752,0.756,0.824,0.682,70.38,21.97,7.26,38.21,10.75,3.36,3.58,4.27,78.25,64.61,16.38,98.23,64.23,24.29,558.65,576.76,1102.24,77.58,81.88,216.67,345.69,562.69,1589.01,2260.03,15.14,10.65,0.526,0.48,7.65,17.04,36.47,24.23,70.46,137.85,1444368,248910,1045039,104915
Grande Teresina,2018,0.743,0.79,0.749,0.692,72.4,18.32,7.83,44.62,9.25,8.58,9.05,10.71,61.12,48.49,14.55,97.25,56.82,27.56,594.56,599.59,1067.25,72.84,101.43,229.38,368.5,602.89,1664.38,2336.97,14.13,10.06,0.514,0.485,5.28,14.05,34.36,29.87,79.68,148.87,1218532,269466,842578,95366
Fortaleza,2018,0.763,0.794,0.775,0.722,72.65,17.14,8.88,40.7,9.72,6.59,6.97,8.16,66.5,52.26,15.28,98.65,64.02,19.77,714.66,720.21,1159.78,72.32,127.01,262.4,401.56,626.65,2158.85,3245.49,16.67,11.09,0.55,0.539,3.95,10.18,29.27,33.74,79.4,157.54,3936471,753668,2797696,349630
Natal,2018,0.769,0.841,0.734,0.738,75.46,16.39,8.52,44.32,10.21,7.85,8.23,9.02,68.42,57.96,22.2,96.94,42.97,28.85,791.35,797.09,1375.28,70.67,102.36,265.32,479.39,835.74,2264.07,3060.82,16.65,12.32,0.535,0.553,5.51,14.37,28.51,33.54,80.16,137.1,1521061,326411,1053952,129518
João Pessoa,2018,0.759,0.813,0.73,0.738,73.75,16.58,7.77,45.17,9.7,9.66,10.23,11.86,64.79,54.17,19.97,94.65,51.97,28.14,788.3,793.91,1438.55,74.77,97.81,242.27,399.61,679.89,2530.1,3726.53,21.92,14.88,0.591,0.659,7.03,14.88,31.46,40.15,77.19,138.22,1303899,294287,898170,101353
Recife,2018,0.773,0.826,0.789,0.708,74.54,13.27,9.25,40.55,10.2,5.32,5.61,6.54,70.09,58.86,18.28,95.97,58.82,23.2,656.84,666.77,1220.45,73.18,103.68,241.98,391.03,601.11,1948.43,2883.47,16.68,11.27,0.544,0.53,5.38,12.72,32.15,25.91,74.32,144.51,3975411,717797,2828432,367784
Maceió,2018,0.734,0.814,0.704,0.691,73.85,16.6,9.56,40.76,9.17,9.38,9.82,11.22,59.46,47.1,16.07,97.82,54.82,24.27,589.13,606.76,1111.72,70.98,89.88,233.87,358.14,575.57,1682.28,2463.3,15.22,10.39,0.525,0.477,7.28,15.2,33.24,25.97,69.98,138.4,1255166,206685,891698,120020
Aracaju,2018,0.765,0.814,0.749,0.734,73.82,15.67,6.99,41.31,10.44,4.97,5.19,5.96,70.4,58.59,21.38,97.77,47.76,31.01,772.86,789.71,1485.85,73.91,89.84,237.68,402.05,707.72,2437.41,3526,21.53,14.88,0.584,0.628,7.23,15.07,34.01,29.13,67.92,139.12,949342,189733,671795,66317
Salvador,2018,0.77,0.797,0.77,0.745,72.82,19.37,8.17,36.19,10.86,3.1,3.2,3.61,75.26,64.7,18.93,95.85,52.39,24.9,824.78,839.68,1299.77,75.37,125,283.07,462.22,780.03,2469.36,3486.42,17.09,12.1,0.55,0.54,4.44,9.4,26.31,22.41,64.3,150.91,3898053,646453,2862294,318563
Belo Horizonte,2018,0.814,0.876,0.796,0.773,77.57,11.25,8.49,38.47,10.51,2.71,2.83,3.27,71.36,57.84,20.59,97.26,70.45,23.61,979.12,994.4,1516.43,76.34,181.87,390.2,591.91,927.69,2814.23,4075.83,14.25,9.84,0.521,0.465,2.41,4.85,17.15,14.59,61.88,164.15,5313480,939263,3837363,450877
Grande Vitória,2018,0.821,0.926,0.776,0.769,80.58,7.34,8.03,40.95,10.55,3.09,3.27,3.79,73.11,60.01,19.5,98.33,61.37,23.07,955.18,971.28,1513.87,75.76,154.18,352.02,561.07,892.06,2810.36,4106.72,16.23,11.1,0.541,0.517,3.73,7.58,19.11,20.85,67.56,149.1,1951673,377218,1384680,156731
Rio de Janeiro,2018,0.83,0.914,0.796,0.786,79.82,8.74,11.82,41.66,11.03,1.65,1.69,1.88,76.38,62.39,22.95,97.05,63.84,24.66,1066.31,1087.21,1748.65,71.54,166.97,369.38,590.97,969.35,3237.2,4713.22,17.58,12.07,0.555,0.537,3.38,6.17,17.82,17.14,59.59,154.16,12581397,1966329,8881212,1487233
São Paulo,2018,0.862,0.933,0.84,0.817,80.99,8.11,9.52,40.85,11.02,1.96,2.06,2.36,75.61,63.35,25.84,96.67,71.43,23.44,1289.93,1308.05,2129.81,79.69,188.98,423.03,669,1111.1,4066.18,6136.08,20.05,13.29,0.579,0.602,2.92,5.36,14.34,19.86,61.1,149.51,21570239,3890276,15314302,2053174
Curitiba,2018,0.831,0.898,0.806,0.794,78.9,8.57,9.29,40.17,10.46,2.86,2.97,3.35,70.42,57.66,23.46,96.52,56.92,26.67,1116.05,1127.52,1757.41,76.86,210.64,456.93,668.63,1087.9,3176.65,4467.02,13.38,9.52,0.512,0.464,2.4,4.68,12.22,19.73,65.24,151.16,3560605,651245,2540283,330679
Florianópolis,2018,0.855,0.907,0.839,0.82,79.39,9.8,9.3,34.6,11.65,2.1,2.14,2.39,80.02,68.43,29.04,99.47,58.47,38.79,1312.95,1329.19,1797.81,72.49,308.04,603.14,910.34,1420.06,3310.49,4475.98,9.82,7.27,0.451,0.338,1.37,1.74,4.9,2.97,27.55,141.42,1028921,155652,764445,95726
Porto Alegre,2018,0.806,0.884,0.745,0.796,78.03,10.39,10.31,44.37,10.58,1.5,1.55,1.73,71.32,56.19,18.83,98.5,55.25,22.84,1129.83,1138.29,1738.44,72.91,201.68,428.21,676.41,1086.78,3247.22,4675.4,14.85,10.31,0.525,0.482,1.2,4.33,13.84,13.46,87.03,165.85,4256990,835026,2948614,438754
Vale do Rio Cuiabá,2018,0.805,0.822,0.822,0.772,74.29,18.5,8.07,43.52,10.88,3.06,3.23,3.79,73.88,60.84,25.99,98.17,68.53,28.84,974.61,984.56,1634.4,77.57,186.51,378.88,611.85,963.33,2692.41,3833,13.56,9.52,0.509,0.454,2.15,4.61,15.71,21.04,64.98,159.28,920502,195598,641353,74248
Goiânia,2018,0.798,0.82,0.802,0.772,74.22,16.12,8.02,37.15,10.52,2.69,2.82,3.37,71.54,57.5,20.31,97.65,61.74,28.16,975.95,987.62,1497.8,80.23,230.4,448.3,649.8,986.61,2561.67,3498.44,10.31,7.55,0.464,0.36,1.74,2.85,10.54,14.99,48.7,164.19,2564282,457036,1869665,205640
Manaus,2019,0.752,0.778,0.789,0.693,71.7,19.68,4.81,41.61,10.86,2.55,2.67,3.27,75.39,64.6,19.84,96.3,65.71,22.98,595.13,605.95,1191.12,81.99,83.64,203.04,332,556.64,1804.43,2601.37,18.15,12.59,0.562,0.572,8.45,17.57,40.05,34.95,73.13,142.27,2547060,580134,1798676,122496
Belém,2019,0.769,0.828,0.768,0.716,74.69,13.89,8.94,41.04,10.51,2.83,2.98,3.4,73.15,59.38,18.09,97.38,58.65,24.97,690.56,696.52,1185.23,74.8,110.16,244.59,390.16,634.74,2071.15,3053.59,17.22,11.68,0.549,0.54,5.09,12.94,31.81,39.18,82.21,150.05,2309481,445439,1637435,206463
Macapá,2019,0.748,0.815,0.751,0.683,73.89,26.06,5.02,48.17,10.26,4.28,4.58,5.65,73.19,59.85,18.55,95.95,57.44,27.02,559.94,564.02,1214.48,84.21,108.35,201.17,331.83,587.6,1574.59,2118.03,13.69,10.17,0.51,0.454,3.27,13.61,39.79,31.87,92.07,155.9,624691,167235,421608,31330
Grande São Luís,2019,0.755,0.761,0.839,0.675,70.67,21.02,6.87,41.46,10.65,3.51,3.72,4.4,77.43,64.92,14.79,97.62,72.08,26.46,534.52,544.41,1020.71,76.38,88.32,215.4,351.27,546.77,1475.01,2049.15,13.49,9.71,0.505,0.458,7.25,15.41,36,30.05,70.53,139.04,1454965,299216,1028556,99956
Grande Teresina,2019,0.759,0.793,0.785,0.702,72.59,17.79,10.18,44.18,9.31,9.96,10.5,12.1,62.11,50.79,16.39,98.56,70.23,31.76,632.06,636.93,1056.98,70.54,110.48,256.69,389.78,624.29,1779.57,2550.35,13.89,9.69,0.516,0.489,5.7,12.97,30.07,34.02,74.63,145.99,1223518,239809,848593,124597
Fortaleza,2019,0.772,0.798,0.788,0.732,72.88,16.51,9.06,41.7,9.89,6.26,6.59,7.66,67.8,54.71,16.31,97.51,70.22,23.22,761.47,768.06,1248.5,74.24,120.28,260.92,409.48,658.42,2358.17,3593.76,18.85,12.37,0.57,0.591,4.98,10.73,29.81,34.64,72.9,154.93,3967659,770515,2799945,359570
Natal,2019,0.776,0.845,0.734,0.752,75.67,15.84,9.26,45.99,10.32,7.61,7.85,9.03,70.14,57.66,22.38,97.87,46.8,22.56,861.43,870.91,1372.86,67.99,105.47,270.28,493.14,881.13,2568.89,3612.38,19.23,13.67,0.559,0.593,5.6,13.48,28.66,34.52,78.2,139.47,1537296,324489,1053006,142349
João Pessoa,2019,0.753,0.817,0.713,0.734,74.04,15.86,8.77,44.59,9.64,9.13,9.66,11.31,63.29,52.48,20.16,96.35,46.72,22.05,769.36,779.34,1386.04,71.9,93.21,233.24,390.45,668.82,2466.92,3725.72,22.83,15.11,0.595,0.666,7.21,14.8,33.53,30.33,70.39,139.37,1316241,273274,910297,115438
Recife,2019,0.782,0.832,0.791,0.728,74.9,12.87,9.73,40.63,10.35,5.75,6.08,7.07,70.98,59.45,18.77,96.57,64.55,24.08,742.5,762.77,1321.1,72.72,95.06,237.56,377.34,644.14,2353.33,3565.07,21.44,14.15,0.59,0.622,7.3,13.63,33.77,25.1,63.82,142.59,3999817,660347,2844168,389016
Maceió,2019,0.734,0.82,0.699,0.689,74.2,15.71,9.99,42.18,9.18,9.09,9.6,10.96,59.54,47.01,14.41,97.52,56.64,17.66,583.84,593.86,1032.15,67.55,113.72,239.46,366.88,585.11,1620.38,2334.2,13.22,9.18,0.504,0.435,4.73,11.46,33.73,31.06,76.83,155.67,1263301,226924,888551,126202
Aracaju,2019,0.766,0.818,0.738,0.744,74.06,15.01,7.18,40.81,10.69,4.69,4.94,5.87,72.59,62.1,21.19,98.06,49.58,20.64,818.04,829.42,1319.66,69.75,103.45,244.32,406.8,722.71,2604.64,3790.89,21.8,14.98,0.587,0.631,5.46,12.83,32.28,32.9,73.95,146.14,961120,196043,682563,69013
Salvador,2019,0.782,0.801,0.786,0.76,73.04,18.66,9.43,37.74,11.05,3.3,3.44,3.94,77.26,66.98,20.79,97.58,58.83,27.84,908.22,920.54,1395.59,73.9,121.64,294.92,490.45,801.81,2833.14,4259.71,20.45,13.6,0.577,0.608,4.47,10.17,25.11,28.34,70.75,143.23,3927730,649812,2851485,370237
Belo Horizonte,2019,0.816,0.88,0.807,0.765,77.81,10.78,9.46,41.47,10.39,2.72,2.87,3.29,70.13,57.39,19.14,98.88,71.3,20,934.82,944.8,1432.28,75.54,187.94,381.78,582.75,883.06,2640.43,3833.72,13.46,9.27,0.51,0.455,2.83,4.88,15.4,25.36,60.34,157.54,5353665,1004873,3784297,506268
Grande Vitória,2019,0.822,0.931,0.767,0.778,80.85,7.07,7.63,41.59,10.7,2.89,3.02,3.45,71.88,60.08,22.35,98.13,54.12,22.01,1016.04,1022.9,1597.48,76.41,168.87,358.54,561.61,914.61,3070.58,4499.98,17.06,11.64,0.552,0.548,2.66,6.09,17.88,28.1,71.64,157.04,1979337,416988,1397901,150969
Rio de Janeiro,2019,0.835,0.918,0.793,0.799,80.08,8.46,12.86,42.74,11.11,1.72,1.8,1.99,76.91,63.51,24.13,97.49,65.84,25.23,1155.21,1176.39,1819.97,70.25,161.48,383.34,627.11,1061.51,3514.88,5124.37,18.81,12.9,0.564,0.572,3.62,6.62,17.3,18.47,59.01,144.46,12644352,1923905,8858492,1626497
São Paulo,2019,0.869,0.937,0.862,0.813,81.22,7.87,9.42,41.16,11.02,1.98,2.07,2.37,76.39,63.28,24.48,97.74,72.04,24.47,1260.37,1272.94,2030.74,79.18,197.54,428.45,675.18,1099.26,3899.8,5859.26,18.72,12.46,0.567,0.572,2.27,4.16,14.12,22.12,64.19,159.92,21733634,4063335,15396577,2048355
Curitiba,2019,0.842,0.903,0.82,0.806,79.17,8.23,9.7,41.34,10.91,1.98,2.09,2.36,74.76,61.83,24.64,96.92,63.06,28.62,1208.74,1219.85,1915.43,80.22,242.13,502.17,743.28,1142.53,3408.39,4903.14,13.18,9.16,0.506,0.441,1.42,2.75,9.9,14.1,62.5,162.16,3600073,671043,2547037,349189
Florianópolis,2019,0.865,0.911,0.853,0.834,79.67,9.51,9.22,34.85,11.71,1.04,1.09,1.26,81.18,67.91,30.47,96.87,74.64,39.38,1436.47,1447.77,2005.96,74.6,330.18,647.81,946.07,1479.42,3770.87,5239.77,10.72,7.71,0.47,0.382,1.49,1.9,4.99,17.68,36.97,140.77,1045914,165674,775637,96439
Porto Alegre,2019,0.814,0.888,0.752,0.807,78.29,10.11,11.61,42.05,10.81,1.75,1.81,2.01,73.45,59.59,20.36,98.73,60.31,24.19,1211.2,1226.5,1763.64,72.78,237.88,510.79,732.51,1143.06,3467.4,4971.43,13.28,9.26,0.51,0.448,2.32,3.29,9.82,20.8,48.02,150.32,4279564,715201,3012690,496813
Vale do Rio Cuiabá,2019,0.802,0.826,0.818,0.763,74.53,18.08,7.16,45.6,10.7,3.73,3.91,4.55,73.21,60.76,23.55,98.11,74.75,26.24,924.43,929,1509.82,79.87,195.48,368.21,549.32,852.15,2637.52,3869.49,13.73,9.36,0.518,0.473,1.93,4.8,13.64,23.79,71.32,155.89,929055,219657,638105,66527
Goiânia,2019,0.795,0.823,0.805,0.757,74.4,15.69,7.74,38.22,10.48,3.19,3.3,3.69,71.1,56.74,20.99,97.94,65.15,25.24,887.93,897.4,1393.8,80,207.98,406.76,619.39,934.31,2294.67,3144.54,10.23,7.47,0.458,0.357,1.98,3.75,13.07,22.45,68.36,165.77,2606458,490907,1885783,201759
Manaus,2020,0.748,0.751,0.808,0.691,70.05,23.14,4.71,43.32,11.08,2.26,2.41,2.83,78.04,66.64,19.98,96.81,66.18,21.61,590.1,603.8,1265.1,79.91,101.34,233.23,368.61,571.9,1686.19,2528.3,15.11,10.08,0.524,0.47,6.13,13.22,33.94,32.74,72.27,146.48,2589809,601452,1806987,122049
Belém,2020,0.765,0.803,0.774,0.72,73.15,16.32,9.33,41.52,10.65,2.79,2.94,3.29,73.7,61.62,18.75,98.35,57.58,26.96,706.97,717.11,1283.62,73.97,142.7,282.78,434.93,656.31,2026.93,2924.67,13.75,9.53,0.512,0.447,3.28,7.41,24.68,25.05,71.14,161.68,2325927,431158,1643527,216950
Macapá,2020,0.733,0.788,0.737,0.678,72.26,31.17,5.36,48.08,10.5,3.98,4.29,5.21,72.43,60.66,19.51,96.99,61.48,26.7,543,547.77,1251.51,80.33,100.11,217.94,340.83,567.47,1494.48,2005.56,12.61,9.4,0.499,0.446,5.94,14.43,37.38,39,77.98,152.77,635998,166859,429483,34113
Grande São Luís,2020,0.741,0.733,0.828,0.671,68.98,24.32,7.2,43,10.97,2.74,2.84,3.37,80.75,68.6,14.89,98.22,70.32,29.44,520.38,533.02,1012.55,73.51,101.98,233.17,348.79,524.26,1392.54,1978.86,11.81,8.31,0.485,0.401,6.33,13.71,34.99,29.78,71.89,151.34,1465378,300081,1024771,105522
Grande Teresina,2020,0.749,0.765,0.804,0.682,70.92,20.88,9.41,42.62,9.68,8.43,8.86,10.37,65.15,54.05,17.1,96.43,77.21,31.6,556.49,560.79,1018.77,64.84,115.37,252.93,376.58,588.68,1442.11,2009.36,10.91,7.83,0.471,0.403,4.86,11.03,30.62,32.94,72.8,153.08,1228286,241052,861233,115595
Fortaleza,2020,0.776,0.771,0.82,0.74,71.25,19.24,9.05,41.09,10.45,5.25,5.47,6.28,71.69,60.06,20.69,96.06,75.69,26.96,798.25,813.24,1391.99,71.26,122.66,278.53,450,698.81,2443.81,3621.5,18.05,12.18,0.559,0.554,4.21,9.86,26.79,18.67,67.25,151.32,3998066,723740,2833717,361649
Natal,2020,0.78,0.819,0.771,0.751,74.15,18.54,9.85,47.4,10.78,6.35,6.52,7.28,72.51,62.97,25.51,97.96,67.56,24.2,858.5,869.02,1505.65,69.06,135.31,313.29,509.49,858.2,2479.93,3462.98,15.44,11.06,0.532,0.508,3.23,8.74,23.58,25.6,77.31,151.55,1553218,326724,1053709,152939
João Pessoa,2020,0.743,0.792,0.723,0.716,72.54,18.37,9.1,48.46,9.9,8.44,8.87,10.45,65.94,53.55,21.02,96.04,64.23,21.73,688.44,701.87,1449.7,67.13,110.54,242.7,367.59,598.35,2162.82,3235.43,18.32,12.25,0.566,0.566,5.72,11.87,32.75,25.11,69.56,151.49,1328308,286721,894741,120821
Recife,2020,0.775,0.809,0.811,0.709,73.52,15.13,9.48,42.05,10.73,3.76,3.98,4.59,74.52,62.14,20.44,96.36,65.49,25.48,660.3,678.81,1303.18,71.61,102.35,241.16,370.3,608.86,1978.17,2895.76,16.86,11.52,0.549,0.512,4.99,13.97,33.01,17.69,76.44,149.62,4023729,700005,2832559,381407
Maceió,2020,0.724,0.795,0.685,0.697,72.72,18.03,9.13,48.49,9.59,8.43,8.97,10.38,63.24,51.22,16.9,97.98,48.78,13.76,610.5,619.87,1151.62,61.8,125.5,252.66,355.16,527.63,1779.98,2688.13,14.22,9.41,0.525,0.473,3.64,9.56,29.64,25.27,73.68,158.66,1271241,279689,856086,116035
Aracaju,2020,0.765,0.792,0.769,0.736,72.54,17.41,7.34,38.24,10.95,3.74,3.84,4.53,74.91,64.54,22.62,97.84,59.51,26.15,781.38,784.39,1387.61,67.65,140.15,287.32,436.18,728.82,2291.49,3369.9,15.77,10.72,0.538,0.515,3.16,8.6,24.99,44.35,82.67,158.89,972637,193869,703595,71432
Salvador,2020,0.772,0.773,0.786,0.756,71.39,21.76,10.14,39.95,11.22,3.1,3.26,3.73,77.89,68.23,22.38,96.77,70.42,28.81,883.03,927.5,1672.09,75.35,85.69,277.15,470.03,793.41,2794.78,4188.85,23.09,15.41,0.594,0.639,8.2,14.78,27.48,13.16,57,123.07,3956088,534353,2826823,401307
Belo Horizonte,2020,0.809,0.858,0.811,0.76,76.46,12.5,9.85,41.84,10.59,2.35,2.45,2.82,71.86,59.94,20.46,99.1,72.46,18.65,903.88,915.57,1460.4,71.2,195.33,388.35,576.28,851.46,2504.28,3617.64,12.4,8.58,0.494,0.415,2.37,4.71,13.94,21.39,64.95,156.1,5392522,989383,3801748,531403
Grande Vitória,2020,0.817,0.912,0.785,0.762,79.71,8.23,8.15,40.99,10.83,2.54,2.58,2.87,72.8,61.69,23.5,98.51,61.48,26.25,914.77,935.83,1591.15,75.18,150.76,352.7,543.02,872.51,2655.86,3724.06,14.79,10.55,0.526,0.48,4.28,6.98,18.5,19.16,52.17,142.83,2006486,374025,1423137,163438
Rio de Janeiro,2020,0.826,0.898,0.799,0.786,78.89,9.89,13.27,43.39,11.31,1.36,1.43,1.55,78.48,65.77,24.89,97.14,71.48,25.72,1063.03,1100.6,1899.45,69.9,141.75,361.79,581.62,971.56,3258.3,4695.37,18.65,12.94,0.565,0.547,4.84,8.51,18.95,12.87,53.73,135.16,12705072,1719464,8860458,1685541
São Paulo,2020,0.859,0.918,0.86,0.803,80.09,9.24,9.8,42.51,11.25,1.87,1.96,2.23,78.33,66.19,26.77,98.04,70.13,22.55,1186.32,1208.65,2164.97,80.2,178.69,393.78,630.77,1026.92,3700.38,5500.74,19.22,12.93,0.57,0.568,3.03,5.64,16.21,15.64,60.5,154.79,21892787,3975334,15362149,2145292
Curitiba,2020,0.835,0.883,0.84,0.784,77.96,9.56,9.59,41.57,10.99,2.17,2.26,2.59,75.53,63.31,25.81,95.07,76.83,29.37,1052.65,1079.63,1829.7,80.7,213.78,459.97,700.09,1063.49,2823.64,3972.55,11.79,8.38,0.483,0.382,2.72,3.97,11.04,1.99,34,142.39,3638553,628536,2570129,348932
Florianópolis,2020,0.85,0.891,0.843,0.818,78.48,11.13,8.99,34.99,11.97,0.69,0.72,0.84,84.38,73.34,32.08,97.43,68.4,39.98,1299.63,1309.9,1950.06,75.78,296.53,578.16,899.07,1345.85,3377.82,4800.08,10.98,7.72,0.468,0.374,1.03,2.36,4.68,13.92,76.63,136.08,1062604,171594,787170,95504
Porto Alegre,2020,0.802,0.867,0.746,0.797,76.99,11.88,12.42,44.59,10.91,1.45,1.51,1.67,74.24,60.36,21.65,98.35,65.46,28.42,1138.78,1157.82,1800.94,71.11,226.23,485.58,700.51,1071.63,3214.75,4632.12,13.01,9.03,0.507,0.433,2.04,3.31,10.65,8.88,46.26,152.38,4301233,721193,2974843,534180
Vale do Rio Cuiabá,2020,0.776,0.8,0.77,0.759,73,21.34,6.68,42.93,11.06,2.66,2.87,3.36,75.32,63.1,25.63,96.85,67.82,21.83,897.57,908.83,1684.54,84.12,157.75,329.61,505.24,795.65,2688.43,4048.85,16.62,11.03,0.548,0.524,2.5,6.3,21.05,15.64,76.8,162.65,937464,207113,655870,62646
Goiânia,2020,0.785,0.797,0.819,0.742,72.81,18.45,8.65,40.91,10.71,2.3,2.41,2.65,72.63,59.02,22.11,97.89,70.33,28.27,808.33,823.57,1366.98,76.22,196.08,383.92,563.97,817.83,2080.14,2857.81,9.85,7.17,0.453,0.333,1.92,3.82,14.02,1.8,54.24,157.26,2647751,490339,1879029,229086
Manaus,2021,0.711,0.709,0.758,0.67,67.53,25.37,6.31,42.42,11.05,1.88,1.92,2.29,78.37,65.73,19.78,96.51,67.8,19.76,517.88,528.87,1117.24,86.01,76.85,186.02,313.33,517.21,1495.94,2097.05,15.96,11.38,0.535,0.51,9.28,19.32,42.15,35.67,74.38,137,2631984,562736,1848076,166190
Belém,2021,0.745,0.764,0.76,0.711,70.83,17.88,8.31,44.25,11.18,1.62,1.68,1.96,78.45,65.65,21.99,95.91,55.73,20.27,667.22,677.37,1319.51,79.58,90.42,213.56,347.88,580.31,2107.67,3174.74,20.89,13.87,0.582,0.612,7.38,15.52,36.5,34.67,73.84,141.63,2342089,488626,1623674,194707
Macapá,2021,0.695,0.749,0.668,0.671,69.93,34.74,6.27,44.55,10.68,4.28,4.53,5.68,74.11,62.96,22.23,95.09,48.41,21.73,521.29,535.24,1144.84,86.75,87.38,203.42,315.69,532.08,1470.67,2014.8,13.86,10.11,0.516,0.45,5.83,18.69,38.42,25.07,83.04,139.43,647165,141086,447706,40568
Grande São Luís,2021,0.719,0.689,0.811,0.665,66.34,26.26,6.68,40.03,10.87,2.8,2.99,3.5,79.88,64.8,16.51,97.04,68.45,22.62,502.51,517.64,1037.64,79.29,74.41,191.57,316.91,497.52,1422.97,2073.91,15.59,10.7,0.528,0.486,8.99,17.87,40.53,26.01,67.68,135.72,1475593,279996,1053768,98551
Grande Teresina,2021,0.721,0.724,0.765,0.676,68.41,22.83,9.51,43.99,9.63,7.4,7.91,9.35,64.53,53.16,16.92,98.58,60.05,24.66,536.33,538.63,966.13,72.45,102.54,230.21,365.27,574.65,1403.23,1942.44,11.68,8.43,0.479,0.421,5.64,15.2,35.05,39.07,86.47,150.8,1232833,253488,856189,117299
Fortaleza,2021,0.745,0.729,0.8,0.709,68.75,20.93,9.19,42.9,10.15,5.34,5.67,6.33,72.36,57.27,15.25,96.07,63.61,23.66,660.94,666.36,1248.5,75.94,112.57,237.99,370.92,604.36,1983.79,2816.84,16.07,11.32,0.545,0.53,4.51,12.01,32.01,34.06,80.43,150.88,4027617,800680,2818418,370240
Natal,2021,0.743,0.781,0.699,0.752,71.85,20.29,9.46,39.9,10.51,6.34,6.53,7.56,70.44,60.41,24.68,96.59,55.09,16.57,862.56,871.66,1527.55,72.51,97.44,246.44,418.28,821.5,2735.49,4175.15,24.28,15.91,0.588,0.655,6.57,13.89,31.32,40.35,73.89,140.35,1568814,282630,1121400,148403
João Pessoa,2021,0.725,0.754,0.72,0.703,70.22,19.88,8.21,42.31,9.85,6.76,7.2,8.2,66.24,54.18,20.2,96.94,64.49,20.54,633.81,645.56,1316.9,73.33,78.92,205.8,328.2,547.19,2008.07,3074.42,21.6,14.11,0.589,0.625,9.42,18.44,39.32,39.73,73.63,140.69,1340075,262814,941629,110012
Recife,2021,0.746,0.773,0.782,0.688,71.36,16.63,9.12,42.39,10.34,4.71,4.89,5.79,73.12,61.03,17.1,97.17,63.05,23.74,578.34,592.21,1197.49,76.38,68.06,195.25,315.65,507.97,1812.24,2765.98,21.01,13.77,0.581,0.615,10.45,19.07,40.32,31.97,64.58,132.82,4047092,739525,2842172,368915
Maceió,2021,0.717,0.758,0.712,0.682,70.49,19.33,7.8,41.75,9.81,6.94,7.3,8.55,66.73,51.77,17.01,92.56,57.16,14.82,558.07,565.55,1048.41,71.21,94.2,216.27,327.01,510.61,1649.32,2420.7,15.59,10.62,0.537,0.512,6.91,14.5,37.66,35.2,71.66,148.71,1278970,260026,902286,99748
Aracaju,2021,0.739,0.753,0.746,0.719,70.16,18.84,6.51,40.08,10.62,5.14,5.44,6.18,74.36,60.27,19.49,95.85,49.29,24,700.58,713.75,1336.62,73.64,88.91,200.46,336.18,577.68,2301.48,3502.42,24.21,15.91,0.605,0.663,6.78,15.78,38.22,31.54,73.76,139.14,983876,198205,702349,64014
Salvador,2021,0.727,0.732,0.734,0.716,68.9,23.69,10.58,40.61,11.15,2.66,2.79,3.15,81.14,68.37,19.44,97.04,60.52,20.13,689.88,712.81,1263.06,69.9,74.06,215.9,369.88,625.59,2163.36,3059.42,21.1,14.92,0.582,0.613,9.42,17.84,34.66,30.48,65.65,126.71,3983002,588936,2832730,421215
Belo Horizonte,2021,0.797,0.824,0.801,0.767,74.41,13.51,9.79,40.99,11,2.09,2.19,2.5,74.83,62.71,25.64,99.17,63.77,23.68,948.38,958.79,1486.89,75.38,159.52,359.59,582.08,910.69,2732.38,3863.23,14.88,10.53,0.525,0.494,3.04,6.42,19.53,25.1,69.37,157.16,5429926,987214,3851298,531640
Grande Vitória,2021,0.796,0.883,0.769,0.743,77.99,8.96,8.72,45.67,10.86,2.82,2.98,3.33,74.74,62.48,21.2,97.66,59.28,22.2,814.58,832.3,1412.56,76.93,118.13,299.69,486.55,774.65,2403.61,3410.43,16.32,11.51,0.54,0.519,5.44,10.52,24.94,26.76,65.64,140.29,2033067,416678,1395635,177375
Rio de Janeiro,2021,0.805,0.869,0.774,0.776,77.12,10.78,13.98,44.11,11.43,1.41,1.46,1.62,79.33,67.04,26.29,96.21,65.18,25.09,998.53,1041.21,1779.48,72.49,115.52,315.07,526.72,902.15,3132.35,4538.49,21.08,14.55,0.581,0.586,6.55,10.15,21.96,15.29,48.22,126.63,12763342,1598412,8856861,1783829
São Paulo,2021,0.842,0.89,0.849,0.791,78.4,10.11,10.39,39.5,11.41,1.45,1.39,1.63,79.45,66.81,28.39,98.24,73.13,23.61,1100.21,1120.05,1883.9,79.37,155.87,376.19,609.32,992.3,3373.79,5014.62,18.85,12.68,0.563,0.566,4.1,7.18,18.02,25.49,61.13,144.75,22047443,3553103,15804357,2291276
Curitiba,2021,0.81,0.853,0.809,0.77,76.15,10.33,9.51,41.64,11.07,1.77,1.85,2.08,75.89,63.77,24.9,96.06,66.23,21.66,964.33,977.84,1625.87,80.5,202.76,416.85,619.18,965.75,2620.18,3667.04,11.84,8.46,0.488,0.403,2.1,4.27,13.18,15.84,66.67,156.13,3675991,678460,2595394,349457
Florianópolis,2021,0.833,0.862,0.83,0.808,76.71,12.15,10.02,44.53,11.86,1.66,1.68,1.85,82.7,69.15,34.77,97.56,75.73,42.86,1222.76,1234.72,1918.89,75.29,249.51,539.26,792.01,1238.86,3285.26,4704.82,11.93,8.33,0.484,0.405,1.25,4.42,9.92,13.49,90.89,156.36,1078968,212946,746519,108152
Porto Alegre,2021,0.788,0.834,0.749,0.783,75.05,13.01,12.55,43.94,11.19,1.22,1.27,1.43,76.35,63.47,22.96,98.91,64.41,21.96,1043.91,1058.22,1634.9,72.38,207.25,458.37,681,1033.16,2841.4,4024.13,12.09,8.54,0.491,0.427,3.19,4.58,11.44,21.45,49.87,139.1,4321911,714842,3002491,542504
Vale do Rio Cuiabá,2021,0.76,0.762,0.792,0.727,70.73,23.45,7.91,43.18,10.98,2.72,2.89,3.34,75.33,62.17,25.19,97.49,74.31,30.09,736.42,741.22,1414.24,85.66,161.29,318.82,493.38,714.74,1995.51,2845.98,11.86,8.31,0.484,0.407,2.25,6.2,22.16,28.75,86.51,169.32,945722,203171,660533,74800
Goiânia,2021,0.764,0.758,0.8,0.735,70.48,20.22,10.01,42.21,10.59,3.39,3.56,4.07,72.15,58.05,21.32,96.6,80.7,23.48,777.14,794.89,1367.13,82.06,145.81,324.31,506.16,757.59,2130.71,3059.2,13.01,9.06,0.5,0.422,3.84,7,20.14,19.1,63.53,146.88,2688129,467682,1890295,269091
