name_metro,year,idhm,idhm_l,idhm_e,idhm_r,espvida,mort1,t_env,razdep,anosest,t_analf15m,t_analf18m,t_analf25m,t_fund25m,t_med25m,t_super25m,t_flfund,t_flmed,t_flsuper,rdpc,rdpct,renocup,prentrab,rdpc1,rdpc2,rdpc3,rdpc4,rdpc5,rdpc10,r1040,r2040,gini,theil,pind,pmpob,ppob,rind,rmpob,rpob,poptot,pop_young,pop_adult,pop_elder
Manaus,2000,0.585,0.73,0.414,0.661,68.77,34.2,3.2,60.27,7.99,7.65,8.23,10.14,46.33,31.72,4.8,85.77,24.41,4.85,487.67,499.47,1237.63,80,53.05,129.36,220.81,397.39,1637.71,2527.48,27.71,17.96,0.63,0.72,13.23,32.75,55.91,38.18,77.48,124.5,1631641,1183579,2431651,136924
Belém,2000,0.621,0.752,0.474,0.672,70.13,29.4,4.16,52.38,8.64,6.04,6.42,7.68,50.58,31.91,7.15,91.48,26.83,6.5,524.82,530.82,1191.39,76.52,67.48,146.36,239.12,418.62,1752.52,2727.01,25.51,16.39,0.62,0.7,9.19,28.08,53.12,41.76,83.82,134.4,1964065,1145444,2847972,205567
Grande São Luís,2000,0.642,0.729,0.56,0.647,68.73,38.3,3.77,54.37,9.37,8.61,9.33,11.38,54.17,39.12,6.12,93.22,38.67,5.79,449.12,461.22,1080.89,77.65,47.3,113.34,187.9,344.81,1552.26,2422.59,30.16,19.33,0.65,0.76,15.3,38.1,61.6,38.73,77.12,119.63,1086365,671680,1643838,107642
Grande Teresina,2000,0.583,0.749,0.421,0.628,69.91,29.47,4.67,56.9,8.13,17.98,19.55,23.44,38.24,25.15,5.17,93.01,24.16,6.71,399.39,406.12,884.92,74.53,41.85,100.81,168.1,297.01,1389.18,2215.62,31.06,19.48,0.65,0.79,18.1,42.35,65.89,38.6,74.85,115.19,1007018.0000000002,606769,1439690,118194
Fortaleza,2000,0.622,0.743,0.488,0.663,69.55,33,4.94,56.4,8.99,14.44,15.44,18.06,40.47,26.49,6.31,92.11,31.12,7.62,496.32,503.71,1089.66,74.23,55.31,123.68,204.12,366.34,1732.13,2717.76,30.37,19.35,0.65,0.77,12.8,34.31,59.25,41.43,79.78,126.04,3041196,1815696,4477382,379718
Natal,2000,0.625,0.742,0.487,0.676,69.49,39.6,5.34,55.61,9.16,16.35,17.41,20.16,42.16,29.35,7.6,91.57,31.48,8.66,537.69,545.65,1149.13,71.3,58.6,132.26,226.69,421.89,1849,2837.34,29.73,19.38,0.64,0.76,11.64,31.67,55.03,40.93,79.94,126.76,1124946,666506,1677979,149630
Recife,2000,0.627,0.738,0.49,0.683,69.26,38.4,5.5,49.78,8.75,12.79,13.47,15.5,44.9,31.14,8.95,91.67,30.54,7.91,560.66,567.94,1242.48,71.15,60.93,135.4,228.64,418.36,1959.96,3058.44,31.16,19.97,0.65,0.79,10.9,30.6,54.82,41.14,80.77,128.83,3306954.15299,1760568,4823267,444277
Petrolina_Juazeiro,2000,0.536,0.74,0.349,0.596,69.41,38.76,4.37,62.49,7.73,20.83,22.37,26.45,26.5,17.85,4.09,87.96,18.59,2.99,326.37,336.18,777.64,79.1,37.4,93.2,153.86,262.93,1084.47,1700.11,26.03,16.61,0.62,0.69,20.41,45.92,69.39,38.03,73.53,112.03,561177,391909,801381,62264
Maceió,2000,0.567,0.681,0.402,0.666,65.85,45.4,4.36,55.29,7.58,18.88,19.84,22.27,39.62,27.64,7.96,86.54,22.34,7.56,503.36,511.85,1154.08,70.37,50.82,115.65,195.57,362.49,1792.28,2847.42,34.21,21.53,0.67,0.83,14.43,37.01,60.04,40.98,78.2,120.77,1019183,638736,1494203,111297
Salvador,2000,0.636,0.743,0.497,0.698,69.58,39.8,4.32,46.31,8.8,7.68,8.12,9.62,50.36,36.16,8.04,92.33,28.93,7.62,614.59,620.21,1284.65,74.35,66.36,149.19,254.38,476.78,2126.22,3279.92,30.43,19.73,0.64,0.78,9.57,27.61,50.49,42.01,82.21,131.47,3099673,1635711,4719234,339331
Belo Horizonte,2000,0.682,0.784,0.549,0.737,72.01,23.8,5.15,47.37,9.82,6.27,6.68,8.07,44.4,29.86,9.71,93.59,44.07,9.14,782.97,785.21,1491.51,74.63,104.14,220.27,359.17,644.41,2586.89,3926.82,24.21,15.95,0.61,0.69,3.92,15.38,36.07,45.79,90.34,150.55,4330618,2224145,6443676,574091
Grande Vitória,2000,0.678,0.779,0.552,0.726,71.75,23.2,4.85,48.59,10.02,7.19,7.7,9.3,47.39,31.68,8.23,91.42,44.41,9.75,731.3,733.46,1415.12,74.92,98.33,210.34,351.88,638.21,2357.73,3506.37,22.72,15.28,0.6,0.66,4.45,16.68,37.55,45.4,88.75,147.19,1432003,783045,2165183,178613
Rio de Janeiro,2000,0.686,0.775,0.548,0.759,71.51,23.7,7.64,47.79,9.11,5.67,5.95,6.77,52.21,34.66,11.28,91.93,38.14,11.04,900.81,903.31,1655.67,69.03,116.21,253.88,425.68,769.81,2938.45,4416.99,23.87,15.88,0.61,0.68,3.33,12.42,30.23,44.77,88.88,151.14,10890412,5201891,15781326,1926611
São Paulo,2000,0.714,0.79,0.592,0.779,72.4,18.9,5.48,46.82,10.24,5.57,5.93,6.99,48.25,32.21,11.19,90.78,49.45,10.98,1016.7,1018.3,2096.65,80.6,141.72,302.44,500.25,880.22,3258.89,4896.87,22.05,14.67,0.59,0.65,2.15,8.85,24.17,45.81,92.23,158.66,17723494,9040419,26141118,2381250
Baixada Santista,2000,0.7,0.787,0.579,0.754,72.2,19.3,7.02,49.05,10.19,5.79,6.18,7.18,47.28,30.75,9.83,92.89,47.64,10.73,872.76,875.35,1696.77,71.84,134.63,293.84,482.57,826.85,2625.91,3813.05,17.8,12.26,0.56,0.56,2.75,9.69,25.13,42.7,88.58,155.47,1466413,749341,2137238,254377
Campinas,2000,0.71,0.801,0.582,0.769,73.04,17.77,5.83,45.71,10.11,5.6,5.99,7.17,44.37,28.65,10.13,91.26,51.11,10.72,955.99,956.72,1859.13,79.87,163.94,333.21,523.94,868.35,2890.51,4260,17.14,11.63,0.55,0.55,1.46,6.49,20.18,46.51,94.74,164.73,2321260,1169970,3622050,343501
Vale do Paraíba,2000,0.701,0.796,0.592,0.732,72.75,18.3,5.34,49.11,10.42,5.81,6.24,7.45,45.15,29.4,8.83,92.98,53.33,9.23,759.4,761.21,1573.74,76.96,118.33,252.23,412.56,707.53,2306.38,3384.82,18.27,12.45,0.56,0.57,3.3,12.03,30.44,45.39,89.16,153.14,1975212,1051844,2936587,268273
Sorocaba,2000,0.679,0.782,0.552,0.725,71.91,20.22,5.85,50.85,9.91,6.58,7.1,8.47,37.45,23.39,7.4,90.83,47.04,7.79,729.15,731.33,1494.88,76.99,130.12,265.67,412.17,664.29,2173.52,3229.64,16.32,10.98,0.55,0.53,2.42,10.18,28.28,43.48,91.72,158.51,1464491.9999999995,796059,2197424,214717
Curitiba,2000,0.698,0.793,0.565,0.759,72.56,21.6,4.92,48.68,10.1,5.32,5.68,6.83,47.99,32.67,10.98,89.18,45.23,12.78,901.38,906.19,1730.44,78.79,123.24,265.69,436.34,772.57,2909.04,4362.57,22.43,14.96,0.6,0.65,3.2,11.21,28.59,39.63,87.53,153.97,2790236,1513432,4177884,345757
Florianópolis,2000,0.726,0.826,0.595,0.78,74.58,14.44,5,45.47,10.27,4.6,4.92,5.89,54.46,38.27,13.37,93.36,45.69,17.64,1027.66,1028.88,1812.07,74.03,166.23,338.04,544.32,971.07,3118.65,4457.46,17.68,12.37,0.56,0.56,1.34,6.4,19.72,45.32,94.04,164.91,708927.0000000002,360511,1137427,94026
Porto Alegre,2000,0.685,0.809,0.524,0.758,73.55,16.2,6.35,48.28,10.08,4.79,5.07,5.88,46.86,30.76,9.65,90.96,42.14,14.1,896.72,899.24,1613.93,74.47,128.59,277.06,450.62,787.47,2839.88,4219.12,20.8,14,0.58,0.62,2.81,10.52,26.94,43.49,89.45,154.89,3754652,1852920,5388894,572525
Vale do Rio Cuiabá,2000,0.668,0.766,0.533,0.729,70.95,24.7,3.64,50.41,9.86,7.66,8.29,10.3,47.53,33.03,9.31,90.02,37.88,10.29,746.19,751.27,1559.88,80.91,98.92,205.86,333.69,589.72,2502.76,3905.47,25.63,16.42,0.62,0.71,4.28,16.52,39.13,42.75,88.85,150.02,718993,415591,1075223,69172
Goiânia,2000,0.667,0.781,0.517,0.735,71.83,23,4.2,46.81,9.55,7.23,7.76,9.54,45.17,30.51,8.29,93.01,37.37,11.76,775.29,777.61,1474.26,80.87,113.87,230.89,361.94,625.97,2543.78,3903.68,22.65,14.76,0.61,0.66,2.93,13.17,34.46,43.73,92.14,156.01,1731456,974417,2744229,197792
DF e Entorno,2000,0.68,0.791,0.516,0.769,72.45,21.73,3.26,50.5,9.51,7.88,8.48,10.37,49.01,33.95,11.49,91.89,37.03,10.23,960.32,969.11,1951.23,77.64,94.14,211.3,375.79,766.36,3354.01,5075.15,33.23,21.96,0.65,0.82,5.21,17,36.97,39.47,84.92,143.38,2931188,1837079,4572269,273029
Manaus,2010,0.72,0.812,0.636,0.724,73.7,17.39,4,49.94,9.57,4.91,5.22,6.23,62.23,46.6,10.14,89.31,36.42,14.2,725.17,733.29,1367.23,79.96,93.84,217.38,350.93,585.35,2378.32,3736.97,24.01,15.28,0.61,0.7,5.85,16.37,37.41,31.96,81.04,148.04,2100144,1183579,2431651,136924
Belém,2010,0.729,0.817,0.656,0.722,74,19.1,5.49,43.5,9.91,3.98,4.17,4.89,63.63,45.1,11.3,91.99,40.68,13.46,715.11,718.11,1281.42,76.71,106.54,222.82,352.14,587.13,2306.92,3540.91,21.5,14.01,0.59,0.64,4.28,14.88,37.05,36.19,89.18,156.59,2268465,1145444,2847972,205567
Grande São Luís,2010,0.755,0.809,0.737,0.721,73.51,19.3,4.99,42.15,10.3,5.45,5.78,6.98,68.3,52.62,11.86,93.05,53,14.28,710.73,718.38,1283.9,78.05,95.07,214.01,341.85,581.63,2321.08,3566.98,23.08,15.02,0.6,0.67,5.91,16.08,38.83,30.58,81.15,151.33,1327992,671680,1643838,107642
Grande Teresina,2010,0.721,0.816,0.656,0.701,73.97,14.78,6.15,45.06,10.21,12.46,13.28,16.03,52.18,37.3,11.25,94.62,48.04,18.02,626.72,630.46,1093.26,74.59,79.51,185.99,299.07,504.74,2064.27,3220.89,24.26,15.55,0.61,0.7,7.98,20.23,44.9,34.5,80.17,145.66,1151336,606769,1439690,118194
Fortaleza,2010,0.732,0.814,0.672,0.716,73.86,16.78,6.32,43.32,10.33,9.2,9.79,11.69,57.1,40.7,10.67,91.79,44.41,12.53,688.72,690.81,1172.62,75.66,101.28,210.88,329.82,538.19,2263.44,3553.44,22.77,14.5,0.61,0.67,4.79,16.04,39.68,37.09,88.83,155.28,3603182,1815696,4477382,379718
Natal,2010,0.733,0.814,0.658,0.736,73.83,17.28,6.55,43.29,10.03,10.83,11.46,13.43,56.75,42.55,12.48,92.15,40.51,17.35,778.86,781.84,1319.22,72.43,102.21,224.54,372.5,639.24,2555.82,3899.98,23.87,15.64,0.61,0.69,4.92,15.2,36.23,34.39,85.36,152.25,1356555,666506,1677979,149630
Recife,2010,0.734,0.813,0.662,0.736,73.79,17.3,7.06,42.22,9.86,8.65,9.12,10.51,58.12,43.05,12.21,91.89,41.45,14.27,780.36,782.5,1314.92,69.11,95.2,211.3,339.29,577.73,2678.3,4262.04,27.81,17.48,0.64,0.77,5.89,16.46,39.47,35.61,83.12,151.83,3673540,1760568,4823267,444277
Petrolina_Juazeiro,2010,0.66,0.767,0.571,0.656,71.04,16.96,5.44,52.16,9.27,15.14,16.2,19.38,42.59,30.21,6.9,92.68,34.86,9.02,475.37,480.86,924.82,78.84,62.02,157.92,250.54,404.11,1502.29,2372.09,21.57,13.66,0.59,0.66,10.83,25.62,52.59,32.54,76.71,139.11,683972,391909,801381,62264
Maceió,2010,0.702,0.795,0.608,0.717,72.67,21.6,5.47,46.1,9.57,13.61,14.47,16.8,51.92,37.89,12,91.74,35.89,15.66,691.51,694.22,1262.78,72,86.62,191.57,309.86,543.81,2325.69,3618.86,26.02,16.72,0.63,0.74,6.69,18.97,43.96,36.13,83.54,149.44,1204815,638736,1494203,111297
Salvador,2010,0.743,0.824,0.661,0.754,74.45,16.2,5.72,38.18,9.41,4.87,5.1,5.87,64.85,49.08,12.63,91.64,35.83,14.16,874.07,876.07,1404.46,74.43,110.04,244.49,402.86,682.8,2930.14,4554.6,25.69,16.53,0.62,0.73,4.81,13.19,33.25,35.77,83.19,155.49,3558711,1635711,4719234,339331
Belo Horizonte,2010,0.774,0.849,0.694,0.788,75.94,13.9,7.16,40.08,9.93,4.07,4.28,4.99,58.67,42.96,15.05,92.88,47.65,17.99,1079.91,1080.51,1581.7,73.68,177.41,350.36,537.3,878.78,3455.69,5310.85,20.13,13.1,0.59,0.62,1.25,5.58,19.33,35.09,95.61,174.53,4860906,2224145,6443676,574091
Grande Vitória,2010,0.772,0.848,0.695,0.782,75.85,12.9,6.44,41.04,9.89,4.74,5,5.87,61.75,45.92,15.14,91.86,46.05,18.16,1038.38,1039.4,1621.23,74.75,172.55,341.81,544.17,908.31,3225.08,4832.79,18.79,12.54,0.57,0.59,1.28,5.89,20.09,36.24,96.21,172.94,1678532,783045,2165183,178613
Rio de Janeiro,2010,0.771,0.839,0.686,0.796,75.31,13.7,9.12,42.85,9.56,3.57,3.73,4.22,65.05,47.03,15.6,92.04,43.62,16.15,1130.75,1132,1691.81,69.17,164.26,338.04,539.31,914.75,3697.42,5695.18,22.68,14.72,0.6,0.67,1.87,6.76,21.06,35.27,90.73,168.83,11894867,5201891,15781326,1926611
São Paulo,2010,0.794,0.853,0.723,0.812,76.15,13,7.12,40.96,10.64,3.57,3.74,4.31,62.72,45.38,17.12,89.89,52.12,17.64,1249.72,1250.43,1909.2,76.78,189.54,386.97,604.87,1009.1,4058.11,6293.92,21.83,14.08,0.6,0.66,1.23,4.93,16.64,36.12,93.32,172.4,19601268,9040419,26141118,2381250
Baixada Santista,2010,0.777,0.842,0.72,0.775,75.5,14,9.06,45.16,10.73,3.98,4.18,4.75,62.29,45,14.47,92.23,54.02,13.46,996.7,997.5,1498.15,68.26,177.21,368.07,576.23,930.44,2931.54,4330.07,15.88,10.75,0.54,0.53,1.61,5.78,18.2,37.26,91.4,168.56,1656438,749341,2137238,254377
Campinas,2010,0.792,0.858,0.726,0.798,76.46,12.6,7.44,38.63,10.76,3.66,3.84,4.46,60.3,43.49,15.66,91.01,54.93,18.34,1148.94,1149.24,1748.43,78.99,238.3,460.27,681.71,1061.4,3303.01,4835.35,13.84,9.46,0.52,0.47,0.73,2.74,10.9,35.62,92.06,178.88,2782978,1169970,3622050,343501
Vale do Paraíba,2010,0.781,0.851,0.732,0.765,76.03,13.2,7.15,41.48,11.12,3.86,4.06,4.67,60.92,45.04,14.04,92.35,56.89,14.45,933.37,934.17,1462.22,74.65,177.2,352.91,541.16,857.15,2738.41,4059.43,15.32,10.33,0.53,0.51,1.4,5.67,18.63,36.68,93.71,170.87,2248235,1051844,2936587,268273
Sorocaba,2010,0.762,0.816,0.715,0.759,73.94,16.56,7.42,42.07,10.87,4.49,4.74,5.53,55.63,39.49,12.22,92.51,57.6,14.49,897.5,898.21,1400.15,75.64,195.8,378.86,559.04,847.02,2506.78,3685.26,12.83,8.72,0.5,0.45,1.09,4.4,15.89,36.4,93.55,175.07,1714294,796059,2197424,214717
Curitiba,2010,0.783,0.853,0.701,0.803,76.17,11.2,6.43,41.04,10.71,3.37,3.56,4.16,61.36,44.88,17.77,90.57,47.38,20.44,1183.32,1184.67,1735.98,76.8,215.87,428.77,648.52,1046.01,3577.41,5359.51,16.63,11.1,0.55,0.55,1.01,3.54,13.09,33.24,89.46,174.36,3207150,1513432,4177884,345757
Florianópolis,2010,0.815,0.869,0.752,0.827,77.11,6.54,6.65,35.77,10.93,2.74,2.87,3.32,69.4,53.9,21.38,91.81,49.95,26.86,1374.96,1375.07,1868.67,73.83,287.75,541.24,813.49,1296.62,3935.68,5654.8,13.64,9.5,0.52,0.46,0.32,1.6,7.52,41.78,97.53,184.76,871501,360511,1137427,94026
Porto Alegre,2010,0.762,0.855,0.649,0.797,76.31,11.1,8.24,42.06,10.07,3.1,3.25,3.7,60.78,42.95,13.99,92.15,42.99,17.59,1143.12,1143.91,1626.15,72.03,196.03,401.31,609.24,987.74,3521.29,5333.95,17.86,11.79,0.56,0.57,1.18,4.66,15.53,38.46,93.33,171.62,4004769,1852920,5388894,572525
Vale do Rio Cuiabá,2010,0.767,0.834,0.7,0.773,75.06,15.3,5.13,40.75,10.19,5.29,5.61,6.71,62.83,46.25,16.15,88.97,43.17,21.3,984.91,988.12,1571.3,80.38,166.79,336.83,521.27,854.93,3044.7,4591.7,18.23,12.09,0.57,0.58,1.86,6.38,20.09,31.29,89.42,167.19,829409,415591,1075223,69172
Goiânia,2010,0.769,0.836,0.691,0.786,75.14,12.98,5.73,39.59,10.14,4.5,4.78,5.69,60.33,44.01,15.21,90.19,47.68,21.63,1063.93,1064.53,1588.12,78.89,193.57,369.39,558.19,893.91,3304.6,5052.01,17.95,11.74,0.57,0.57,0.84,4.33,17.12,34.33,98.65,180.72,2165130,974417,2744229,197792
DF e Entorno,2010,0.792,0.857,0.701,0.826,76.41,13.2,4.74,42.87,10.05,4.98,5.3,6.31,63.01,48.12,18.72,93.18,48.22,19.75,1362.52,1365.23,2157.86,77.45,159.78,332.87,558.28,1083.2,4678.47,7063.02,28.67,18.99,0.64,0.77,1.96,7.2,21.61,35.81,91.56,166.89,3703351,1837079,4572269,273029
Manaus,2012,0.736,0.798,0.692,0.722,72.85,18.88,4.65,49.29,9.76,3.8,4.13,4.99,66.85,53.77,11.15,94.09,49.21,17.62,715.3,728.64,1472.12,81.61,113.64,233.88,375.52,601.48,2260.88,3501,20.15,13.01,0.581,0.587,4.17,12.62,34.03,25.18,83.86,154.69,2235353,589881,1497314,103932
Belém,2012,0.73,0.805,0.691,0.7,73.32,20.93,5.15,45.48,9.63,3.58,3.8,4.54,67.26,51.07,11.15,95.86,47.33,15.29,623.75,629.07,1142.54,78.24,122.81,251.77,388.31,613.15,1745.25,2493.88,13.32,9.32,0.507,0.449,4.05,10.7,30.52,38.45,81.18,158.17,2189212,551099,1504800,112751
Macapá,2012,0.722,0.799,0.681,0.691,72.96,24.84,3.21,52.81,9.61,4.91,5.46,7,65.66,52.82,13.65,93.14,52.15,16.95,588.96,592.93,1281.48,86.17,109.42,213.49,331.35,580.71,1719.06,2412.26,14.94,10.65,0.531,0.49,2.45,15.34,39.07,36.42,95.13,158.2,541712,165533,354498,17402
Grande São Luís,2012,0.744,0.775,0.79,0.673,71.49,21.42,5.65,40.53,9.98,4.23,4.52,5.55,74.5,57.69,10.55,95.26,62.29,14.98,525.78,534.85,1035.15,78.95,118.17,230.97,343.42,539.08,1401.61,1998.56,11.45,8.03,0.48,0.388,4.32,11.54,34.98,25.76,82.7,160.42,1381970,296270,983424,78028
Grande Teresina,2012,0.719,0.817,0.686,0.663,74,17.76,6.22,46.83,8.34,10.79,11.46,13.77,55.83,39.12,8.38,97.38,56.81,16.37,495,496.53,921.91,77.63,115.4,217.97,317,479.34,1347.86,1952.42,11.71,8.09,0.485,0.405,3.31,13.47,37.31,44.63,94.89,159.64,1189227,299393,809934,73913
Fortaleza,2012,0.749,0.831,0.717,0.706,74.88,13.05,6.51,43.12,9,8.45,9,10.93,61.86,45.2,11.93,95.15,53.92,16.05,645.49,651.92,1145.42,75.54,118.5,230.46,358.85,578.48,1944.34,2850.88,16.34,11.14,0.543,0.511,3.21,11.47,34.62,29.57,89.81,161.02,3749484,833218,2619848,244121
Natal,2012,0.725,0.829,0.661,0.694,74.76,16,6.39,44.98,8.73,9.52,10.06,12.01,57.35,42.86,10,95.19,42.03,14.27,600.98,603.44,1076.14,73.33,109,231.3,366.76,576.5,1732.57,2560.07,15.05,10.18,0.525,0.495,4.81,14.08,33.66,42.71,87.55,150.5,1418274,341015,978242,90639
João Pessoa,2012,0.711,0.803,0.64,0.7,73.17,15.34,6.73,43.94,8.35,11.54,12.27,14.18,52.43,41.1,12.63,95.24,48.68,17.73,621.96,627.99,1083,67.64,105.89,229.62,348.36,556.73,1877.3,2803.83,16.71,11.19,0.548,0.54,5.7,13.54,34.32,32.11,79.82,149.97,1234802,279175,857851,83119
Recife,2012,0.747,0.818,0.694,0.735,74.08,14.36,6.39,41.91,9.54,6.16,6.63,7.71,62.55,50.5,15.31,92.28,49.22,15.64,775.71,783.4,1436.99,76.52,111.42,236.65,375.36,647.36,2512.39,3765.01,21.63,14.44,0.593,0.636,4.06,12.87,32.75,28.2,84.64,150.87,3826732,840049,2696628,244518
Maceió,2012,0.713,0.778,0.68,0.686,71.65,15.33,5.99,42.31,8.79,9.78,10.34,12.04,60.1,43.73,12.6,93.94,45.06,17.8,572.88,582.32,1036.56,70.68,113.04,229.36,339.29,549.45,1641.05,2387.61,13.95,9.59,0.519,0.461,4.39,12.52,35.02,25.84,82.76,156.85,1203933,263952,845985,72121
Aracaju,2012,0.761,0.822,0.72,0.746,74.29,17.69,5.02,38.65,9.84,5.43,5.8,6.92,67.17,54.09,15.93,91.36,48.95,27.04,828.72,843.97,1442.85,75.73,130.48,264.66,419.87,740.49,2599.45,3681.85,18.64,13.16,0.569,0.565,3.42,9.18,28.7,18.02,75.86,160.7,877282,182946,632716,44021
Salvador,2012,0.752,0.797,0.701,0.761,72.79,20.35,5.78,36.92,10.05,3.97,4.09,4.88,69.08,56.53,14.6,95.86,41.41,21.27,908.75,923,1447.37,76.47,125.93,279.14,448.91,774.98,2919.54,4353.3,21.49,14.41,0.59,0.623,3.55,10.71,26.45,23.23,78.97,150.87,3715257,723748,2713413,214717
Belo Horizonte,2012,0.792,0.851,0.748,0.781,76.08,12.61,7.64,41.22,9.74,3.1,3.3,3.94,64.51,49.19,16.58,94.93,61.92,22.71,1030.47,1038.02,1574.42,77.29,205.08,397.46,602.6,946.35,3005.02,4398.66,14.6,9.97,0.527,0.478,1.49,3.56,13.27,23.3,75.49,166.98,5060834,1050676,3583606,386696
Grande Vitória,2012,0.771,0.843,0.717,0.758,75.57,11.35,6.5,40.14,9.78,4.35,4.59,5.43,67.5,51.85,14.62,88.85,51.22,16.83,896.02,903.02,1415.66,75.78,194.94,376.64,559.78,880.04,2473.17,3475.85,12.16,8.65,0.494,0.417,1.57,4.4,14.52,22.26,81.86,164.31,1782431,380087,1271905,115929
Rio de Janeiro,2012,0.762,0.817,0.711,0.761,73.99,14.31,9.54,42.55,9.95,2.81,2.95,3.37,69.07,51.24,15.9,93.55,54.1,17.29,913.04,926.3,1467.58,72.57,162.9,343.79,535.91,849.72,2680.48,3895.85,15.38,10.58,0.534,0.492,2.77,6.88,18.97,21.21,77.91,156.5,12191984,2289355,8552853,1162867
São Paulo,2012,0.815,0.848,0.802,0.795,75.85,12.24,8.61,39.84,10.18,2.97,3.15,3.59,69.71,55.56,19.62,93.6,67.71,20.78,1123.03,1140.22,1857.51,79.39,213.11,437.62,658.13,1034.95,3285.21,4831.69,14.85,10.1,0.528,0.473,1.95,3.81,11.63,8.52,60.06,155.94,20530417,3743211,14681443,1768306
Curitiba,2012,0.787,0.83,0.747,0.787,74.79,11.45,7.02,40.21,9.9,2.76,2.95,3.55,67.77,50.93,17.66,92.04,56.41,20.03,1070.92,1082.75,1675.8,77.62,235.97,465.76,699.55,1076.41,2886.39,4061.53,11.58,8.23,0.483,0.395,1.47,2.82,9.83,10.08,56.39,158.35,3316060,676597,2365095,232866
Florianópolis,2012,0.823,0.891,0.781,0.8,78.47,8.47,7.7,34.85,10.15,3.05,3.24,3.71,67.8,53.03,19.75,94.56,64.53,24.2,1160.89,1168.57,1689.91,76.11,285.89,542.98,804.16,1201.79,2972.63,4159.17,10.04,7.17,0.454,0.351,0.9,1.95,6.58,17.15,64.18,162.4,925289,161511,686158,71263
Porto Alegre,2012,0.769,0.825,0.697,0.791,74.47,10.37,9.38,42.35,10.08,2.32,2.41,2.67,66.52,50.58,16.65,95.29,57.17,21.41,1097.43,1105.81,1727.65,74.17,232.39,451.79,650.43,1026.83,3134.43,4531.58,13.25,9.16,0.511,0.446,1.29,2.88,10.79,14.36,68.53,169.02,4107706,803750,2885657,385329
Vale do Rio Cuiabá,2012,0.761,0.795,0.73,0.76,72.71,15.79,6.17,41.47,9.72,3.97,4.31,5.01,66.85,51.49,15.44,87.4,61.84,22.82,906.26,914.44,1510.46,78.63,197.87,380.11,548.07,850.24,2558.6,3758.9,13.01,8.85,0.505,0.432,1.23,4.55,14.02,9.11,85.64,163.29,868777,192738,614111,53631
Goiânia,2012,0.77,0.81,0.739,0.764,73.58,16.21,5.69,39.58,9.71,3.83,4.09,4.91,65.75,49.45,14.28,93.77,65.44,21.98,926.11,933.38,1541.57,83.5,222,404.52,585.23,912.63,2512.99,3658.24,11.68,8.02,0.484,0.39,0.81,2.72,13.14,2.43,84.98,185.48,2300915,501442,1648404,130821
Manaus,2013,0.746,0.805,0.713,0.722,73.27,17.63,4.22,48.47,9.93,3.61,3.84,4.61,68.79,55.93,12.01,95.74,56.88,16.58,713.49,723.81,1451.61,84.34,122.97,251.9,372.04,582.99,2242.14,3466.03,18.49,11.96,0.573,0.564,2.84,11.08,31.57,21.72,85.92,161.83,2280707,612677,1536173,96141
Belém,2013,0.739,0.81,0.695,0.716,73.62,20.64,5.63,41.59,9.84,3.35,3.55,4.07,68.84,50.11,13.16,95.24,45.96,14.22,690.04,694.81,1190.48,76.8,138.76,268.75,401.36,617.82,2029.61,3012.68,14.79,9.96,0.528,0.48,2.4,8.45,27.3,32,89.42,163.46,2206855,503988,1558678,124235
Macapá,2013,0.752,0.805,0.744,0.711,73.3,23.58,3.78,45.3,9.89,4.17,4.55,5.51,69.08,55.04,15.04,94.33,59.94,19.86,666.74,673.52,1416.07,88.12,127.55,252.73,402.92,696.1,1872.75,2625.87,13.81,9.85,0.512,0.452,2.22,11.22,30.24,27.4,95.7,160.66,553551,145666,380980,20951
Grande São Luís,2013,0.746,0.771,0.821,0.655,71.28,23.88,5.68,40.37,10.2,4.07,4.37,5.31,76.5,59.4,12.13,95.82,65.92,13.48,471.33,482.18,950.6,80.56,101.31,224.14,343.83,518.58,1179.73,1612.37,9.91,7.25,0.452,0.348,5.77,13.49,36.02,24.57,74.34,150.81,1391834,288220,991562,79097
Grande Teresina,2013,0.745,0.818,0.707,0.714,74.09,18,6.37,42.83,8.74,11.27,12.16,14.72,57.49,44.15,12.93,97.94,58.75,24.18,680.56,680.99,1189,76.91,134.1,254.79,381.02,594.7,2040.85,3129.58,16.09,10.5,0.545,0.522,2.47,9.64,29.8,50.84,94.52,163.59,1193829,278404,835832,76053
Fortaleza,2013,0.744,0.825,0.704,0.71,74.49,13.6,7.25,41.16,9.09,7.52,7.96,9.6,62.68,46.15,11.8,89.76,46.12,17.26,662.27,668.77,1146.21,76.89,122.5,262.52,394.07,612.52,1921.17,2836.29,14.73,9.98,0.526,0.486,3.85,10.34,28.48,30.9,80.82,152.36,3779635,786416,2677502,274045
Natal,2013,0.742,0.831,0.686,0.718,74.86,15.59,5.91,40.26,8.95,9.03,9.65,11.58,58.65,44.95,12.49,96.08,48.18,19.15,696.96,702.83,1212.51,76.62,129.95,272.88,436.74,666.14,1980.81,2866,14.23,9.83,0.515,0.466,3.3,8.85,27.64,33.21,78.98,156.86,1435897,313538,1023743,84842
João Pessoa,2013,0.732,0.812,0.674,0.716,73.7,14.71,6.34,45.23,8.72,10.83,11.57,13.51,56.09,42.79,15.45,96.31,48.86,20.04,686.99,693.17,1192.51,69.34,119.48,233.2,366.74,623.46,2118.47,3102.46,17.59,12.01,0.557,0.54,3.04,11.75,33.3,31,92.7,155.68,1243427,296099,856157,78804
Recife,2013,0.765,0.822,0.726,0.749,74.33,14.63,7.86,42.6,9.59,6.61,7.05,8.02,66.06,51.02,15.55,92.21,50.41,18.53,844.73,856.05,1573.32,76.72,118.97,262.92,426.23,691.23,2728.57,4166.93,21.82,14.29,0.591,0.628,4.41,11.13,28.44,30.09,78,147.76,3852054,793449,2701259,302959
Maceió,2013,0.699,0.786,0.639,0.68,72.15,16.13,6.2,43.55,8.6,10.59,11.33,13.26,57.61,41.7,11.46,91.22,38.75,15.18,551.09,554.87,1031.91,73.92,120.23,229.84,341.23,526.72,1541.83,2218.22,12.67,8.81,0.5,0.43,3.17,11.78,34.57,34.42,91.43,159.68,1213250,283122,845175,75231
Aracaju,2013,0.754,0.82,0.698,0.748,74.18,17.65,4.75,39.5,9.66,4.59,4.91,5.88,67.28,52.03,16.4,85.53,44.08,26.9,838.78,851.27,1467.96,76.3,123.88,266.85,426.55,717.29,2670.09,3997.89,20.46,13.67,0.586,0.604,3.15,11.41,28.18,21.94,89.06,152.63,889466,195634,637590,42285
Salvador,2013,0.746,0.801,0.698,0.743,73.07,20.6,5.81,36.82,10.26,4.36,4.51,5.17,72.15,58.95,14.28,96.83,48.1,13.62,816.34,824.79,1334.21,78.35,151.24,300.52,480.39,743.9,2411.52,3479.66,15.4,10.68,0.532,0.489,2.32,7.07,22.94,22.34,83.33,163.11,3746540,747339,2738397,217701
Belo Horizonte,2013,0.796,0.857,0.749,0.787,76.42,12.45,7.49,38.32,9.9,3.17,3.4,4.06,65.36,51.15,17.17,97.63,61.68,21.77,1069.46,1076.3,1653.25,77.92,210.57,422.78,629.9,960.03,3127.28,4588.9,14.49,9.88,0.524,0.476,1.36,3.59,13.15,23.65,79.07,167.45,5103531,985928,3689708,382148
Grande Vitória,2013,0.777,0.846,0.724,0.765,75.74,10.92,6.54,40.13,9.81,4.02,4.3,5.02,66.72,51.38,15.49,89.54,53.15,19.12,935.99,949.65,1590.63,78.5,178.29,360.64,555.61,884.42,2704.18,3922.44,14.56,10.04,0.523,0.467,2.62,5.23,17.03,19.35,66.14,161.49,1810555,373194,1292095,118366
Rio de Janeiro,2013,0.77,0.821,0.726,0.766,74.24,13.23,10.21,43.19,10.1,2.38,2.51,2.84,70.18,52.65,16.15,92.39,56.14,17.55,942.83,956.17,1556.7,74.53,175.66,362.4,557.52,885.61,2749.17,3984.92,14.81,10.22,0.527,0.478,2.56,5.51,16.9,19.2,70.86,158.21,12255385,2266361,8558750,1251392
São Paulo,2013,0.822,0.85,0.81,0.806,76.02,12.28,8.73,40.32,10.44,2.57,2.73,3.16,72.07,57.3,21.53,92.03,67.17,22.14,1206.91,1218.52,1968.26,80.14,222.37,445.77,687.65,1117.32,3573.01,5181.57,15.51,10.7,0.537,0.499,1.57,2.93,11.59,16.08,60.61,165.51,20706166,3928052,14756525,1807406
Curitiba,2013,0.799,0.839,0.768,0.791,75.32,10.62,6.66,40.55,10,2.98,3.16,3.77,68.88,52.17,19.31,93.21,56.55,21.3,1097.18,1106.99,1822.11,84.22,248.25,479.21,701.55,1105.41,2958.21,4170.56,11.47,8.13,0.481,0.39,1.16,2.69,8.56,10.03,74.98,163.1,3356024,712260,2387854,223479
Florianópolis,2013,0.842,0.897,0.815,0.817,78.79,8.48,6.94,36.62,10.94,1.56,1.65,1.73,75.81,59.42,25.15,91.63,69.66,30.92,1288.86,1299.64,1882.95,74.84,307.31,575.13,836.39,1351.75,3392.44,4612.27,10.45,7.69,0.467,0.363,0.88,1.25,5.45,2.07,29.51,162.92,942274,178644,689719,65431
Porto Alegre,2013,0.772,0.827,0.701,0.795,74.59,10.15,9.32,41.22,10.02,2.15,2.21,2.46,65.91,50.53,14.99,94.43,56.71,21.67,1125.62,1131.99,1683.32,73.76,246.44,475.91,687.4,1033.4,3197.42,4632.18,12.83,8.85,0.504,0.433,0.87,1.87,10.28,16.66,65.55,175.64,4132365,795600,2926199,385114
Vale do Rio Cuiabá,2013,0.781,0.797,0.791,0.757,72.83,16.64,7.02,42.04,9.99,5.43,5.75,6.63,69.07,54.89,18.63,90.56,62.06,27.76,891.05,895.1,1516.8,81.64,209.66,434.6,626.57,934.3,2253.4,3103.28,9.63,7,0.449,0.358,1.7,4.45,12.8,33,80.38,159.65,877008,192681,617457,61602
Goiânia,2013,0.782,0.815,0.755,0.776,73.9,15.34,7.61,40.14,9.67,4.41,4.68,5.42,64.63,49.53,15.96,90.61,66.68,22.93,997.57,1001.58,1533.9,77.75,244.64,444.76,627.84,935.05,2740.91,3947.19,11.45,7.95,0.483,0.397,0.8,2.3,9.64,20.43,85.4,168.9,2344839,483168,1673154,178331
Manaus,2014,0.747,0.81,0.717,0.717,73.59,15.59,4.59,48.42,9.81,3.79,4.09,4.9,67.27,53.71,12.94,95.56,51.15,19.83,691.67,695.14,1386.08,82.54,124.95,250.37,387.38,620.22,2109.96,3151.59,16.79,11.24,0.551,0.535,3.14,10.95,30.85,38.21,91.49,158.05,2326990,637671,1567842,106855
Belém,2014,0.733,0.814,0.688,0.704,73.85,19.58,5.76,41.64,9.79,3.43,3.68,4.37,68.09,50.53,11.17,96.22,47.62,16.99,638.63,641.56,1127.92,78.81,141.13,270.85,396.23,601.2,1787.88,2597.25,12.61,8.68,0.501,0.435,2.51,9.11,26.36,36.92,94.72,162.22,2224631,512269,1570652,128192
Macapá,2014,0.743,0.805,0.722,0.705,73.31,20.85,3.91,52.04,9.83,5.55,6.12,7.59,69.42,55.68,16.59,93.98,51.14,18.82,643.64,646.57,1438.73,84.68,123.66,240.45,387.44,652.39,1826.87,2578.01,14.16,10.03,0.518,0.47,2.65,11.23,32.37,44.91,94.79,158.02,565779,168963,372135,22115
Grande São Luís,2014,0.738,0.777,0.801,0.647,71.6,22.26,6.01,40.8,9.92,4.13,4.37,5.19,75.11,57.45,9.35,94.48,66.9,18.06,447.28,453.94,853.33,79.51,99.59,224.87,345.87,493.18,1074.24,1450.05,8.94,6.62,0.432,0.336,6.33,13.82,34.98,33.09,73.24,145.53,1402168,299639,995891,84263
Grande Teresina,2014,0.75,0.817,0.724,0.714,74.04,18.27,6.38,43.31,9,9.65,10.26,12.17,60.54,45.65,11.84,97.18,60.47,18.53,679.23,679.51,1102.93,73.64,139.26,274.68,428.64,654.89,1907.98,2822.19,13.64,9.22,0.509,0.457,1.65,9.66,26.62,46.58,98.87,161.25,1198432,283374,836228,76458
Fortaleza,2014,0.743,0.826,0.703,0.706,74.54,12.88,7.52,42.72,8.91,7.91,8.45,10.07,62.68,45.14,10.8,84.2,45.53,18.23,646.74,654.44,1119.05,75.07,124.74,258.83,387.78,603.91,1884.76,2768.83,14.44,9.83,0.522,0.473,4.26,10.52,29.19,34.89,82.03,156.19,3809713,795981,2669292,286567
Natal,2014,0.756,0.832,0.718,0.722,74.92,15.68,6.48,42.08,9.14,8.83,9.23,10.84,60.04,46.53,13.81,95.21,53.31,21.96,715.5,719.3,1226.78,74.43,132.5,269.72,420.48,673.2,2085.91,3036.01,15.1,10.37,0.529,0.496,3.07,8.66,28.07,30.32,83.55,159.62,1453465,327021,1022959,94187
João Pessoa,2014,0.731,0.822,0.654,0.727,74.32,13.61,6.39,45.89,9.13,10.68,11.13,12.81,59.38,47.45,15.69,95.98,43.17,18.46,738.87,742.6,1292.09,73.61,119.89,247,386.69,635.85,2308.71,3465.78,18.89,12.59,0.569,0.587,4.29,11.1,31.18,33.87,81.98,156.01,1254589,306424,859929,80219
Recife,2014,0.763,0.827,0.715,0.75,74.61,14.25,7.78,41.7,9.69,6.18,6.57,7.42,68.16,52.32,16.07,88.18,48.33,15.44,852.75,864.42,1614.4,79.55,116.95,262.08,421.05,703.21,2764.42,4151.19,21.9,14.59,0.594,0.637,5.06,10.95,28.75,31.27,73.94,149.19,3877327,784854,2736367,301640
Maceió,2014,0.719,0.794,0.661,0.709,72.66,15.21,6.68,43.79,8.96,9.75,10.44,12.24,59.53,46.05,15.25,82.69,45.94,16.79,659.84,669.67,1192.53,70.88,116.91,246.84,383.32,594.39,1962.44,2913.68,16.02,10.79,0.54,0.509,4.57,11.1,31.53,26.48,76.83,153.8,1222206,272469,849972,81627
Aracaju,2014,0.764,0.817,0.73,0.749,73.99,18.61,6.32,40.78,10.08,4.73,5.02,6.03,68.67,54.81,19,96.21,49.72,27.89,846.92,856.85,1530.68,78.85,140.44,285.15,466.06,788.58,2557.9,3611.13,16.97,12.02,0.55,0.536,3.6,7.49,24.74,25.06,72.41,157.83,901700,192809,640506,56948
Salvador,2014,0.761,0.807,0.713,0.765,73.44,19.86,6.66,36.5,10.48,3.08,3.27,3.81,73.75,59.01,16.14,93.48,53.04,19.37,933.34,942.67,1491.19,78.49,168.28,341.01,516.61,865.89,2782.97,4034.01,15.84,10.93,0.541,0.508,2.13,6.48,18.1,26.19,84.98,158.18,3776476,717894,2766749,251515
Belo Horizonte,2014,0.798,0.864,0.754,0.781,76.85,11.77,7.54,40.17,10.04,3.04,3.22,3.79,66.21,51.46,17.64,97.83,61.26,21.88,1034.44,1039.47,1595.47,77.37,219.28,425.4,615.03,969.01,2950.6,4211.64,13.07,9.15,0.508,0.444,1.19,3.03,12.61,25.06,78.57,174.31,5146597,1060622,3671719,387993
Grande Vitória,2014,0.787,0.851,0.737,0.777,76.04,11.86,7.74,41.83,10.12,3.42,3.64,4.27,69.8,54.23,18.04,92.92,53.89,19.13,1006.07,1016.98,1661.02,75.71,176.85,383.31,598.93,967,2909.25,4145.18,14.8,10.39,0.525,0.487,2.53,5.81,15.86,24.08,75.22,151.79,1839244,380131,1296773,142306
Rio de Janeiro,2014,0.78,0.824,0.746,0.772,74.44,13.26,10.97,41.94,10.22,2.56,2.66,2.98,72,53.49,17.23,92.01,57.39,20.54,974.42,989.37,1598.16,73.85,188.12,385.99,589.03,919.6,2792.33,4036.21,14.06,9.73,0.518,0.455,2.28,5.1,14.58,15.56,70.76,155.3,12321257,2095654,8680436,1352041
São Paulo,2014,0.829,0.853,0.824,0.812,76.16,12.18,8.41,40.27,10.55,2.7,2.83,3.25,72.22,57.94,23.04,92.23,74.13,23.58,1253.92,1267.55,2123.2,81.69,233.78,466.63,705.57,1171.16,3737.57,5366.9,15.32,10.67,0.535,0.491,1.61,2.58,10.21,12.64,48.39,165.35,20881992,3996682,14886702,1756597
Curitiba,2014,0.803,0.844,0.776,0.792,75.66,10.46,6.96,38.42,10.08,2.79,2.86,3.35,69.05,54.54,20.47,89.98,57.09,26.5,1106.07,1115.05,1801.67,82.16,260.45,501,722.67,1129.97,2923.38,4030.54,10.59,7.68,0.469,0.373,1.11,1.9,8.25,7.97,47.53,167.67,3397681,674789,2454702,236377
Florianópolis,2014,0.842,0.913,0.801,0.817,79.76,8.31,7.76,32.53,10.51,2.49,2.59,3.06,72.11,56.33,22.07,93.13,66.29,28.14,1291.74,1299.84,1779.78,73.1,318.11,610.82,882.77,1328.16,3327.94,4552.1,9.8,7.17,0.453,0.349,0.68,1.12,6.67,4.57,47.49,177.99,959394,153533,723891,74463
Porto Alegre,2014,0.773,0.828,0.696,0.801,74.69,10.37,10.27,41.58,10.19,2.03,2.15,2.33,67.64,51.1,17.54,93.13,48.28,22.77,1171.43,1180.64,1785.9,73.84,240.25,489.79,721.31,1112.24,3297.76,4761.59,13.04,9.03,0.506,0.439,1.23,2.63,10.13,15.77,66.94,169.17,4157610,758920,2936570,427151
Vale do Rio Cuiabá,2014,0.783,0.801,0.791,0.757,73.05,16.78,7.28,42.57,10.09,4.4,4.72,5.51,73.09,54.55,18.05,73.37,58.77,26.49,890.77,896.47,1544.25,80.54,225.1,416.78,613.36,883.83,2319.4,3264.4,10.17,7.23,0.457,0.351,0.95,2.59,12.02,9.31,75.58,178.5,885755,194348,621293,64483
Goiânia,2014,0.788,0.818,0.778,0.77,74.09,14.57,5.7,38.44,10.13,3.47,3.7,4.37,69.07,53.79,16.91,95.63,54.9,28.27,965.34,973.5,1595.95,83.63,227.68,443.47,643.61,969.22,2555.73,3567.94,10.63,7.62,0.467,0.373,1.26,3.57,10.26,7.75,69.6,158.12,2389621,505112,1726149,136122
Manaus,2015,0.749,0.811,0.732,0.708,73.66,15.46,4.34,47.87,10.18,4.23,4.59,5.32,71.53,57.84,14.58,94.7,54.14,19.75,656.47,661.75,1371.4,82.92,113.6,233.66,372.31,611.06,1955.47,2923.54,16.84,11.26,0.547,0.528,3.75,12.83,33.83,35.27,87.55,154.72,2373109,645975,1604808,102910
Belém,2015,0.743,0.815,0.716,0.702,73.88,17.35,6.04,43.41,9.6,3.75,4,4.9,65.98,48.3,11.47,96.41,51.94,19.32,631.45,633.83,1096.27,74.76,138.73,255.19,380.71,593.26,1792.88,2646.15,13.44,9.1,0.51,0.451,2.51,8.76,30.2,38.54,90.77,168.82,2242438,533194,1563683,135427
Macapá,2015,0.741,0.814,0.7,0.713,73.81,16.57,4.64,50.48,9.96,6.3,6.55,7.89,68.37,57.57,16.66,93.96,63.5,20.91,674.58,682.04,1435.32,84.52,114.44,239.82,384.18,673.03,1962.18,2771.96,15.65,11.08,0.534,0.498,3.53,12.84,33.33,37.72,87.28,156.31,577945,160412,384070,26832
Grande São Luís,2015,0.752,0.787,0.793,0.682,72.19,20.65,5.72,39.52,10.04,4.71,4.99,5.93,73.87,58.78,12.87,94.97,66.63,22.06,557.58,563.25,1072.08,81.14,112.78,234.46,359.63,563.53,1524.59,2149,12.38,8.78,0.494,0.424,4.36,12.45,34.17,33.82,85.13,155.37,1412983,302639,1012746,80848
Grande Teresina,2015,0.757,0.825,0.748,0.702,74.52,15.62,7.24,45.9,8.86,10.67,11.35,13.38,59.38,44.29,12.32,97.78,60.66,22.01,630.11,632.37,1090.12,75.69,134.16,248.95,385.71,596.25,1791.19,2636.9,13.77,9.35,0.513,0.456,2.43,9.17,31.45,39.22,91.09,167.83,1203635,285646,824967,87200
Fortaleza,2015,0.752,0.835,0.721,0.707,75.12,12.15,7.31,43.33,9.09,7.63,8.09,9.54,63.55,46.23,11.9,90.68,58.09,19.1,653.28,663.53,1163.02,76.01,118.49,242.5,382.42,608.25,1938.8,2813.71,15.59,10.74,0.534,0.49,3.79,10.57,32.39,25.37,78.13,156.61,3841890,812466,2680378,280671
Natal,2015,0.772,0.836,0.747,0.738,75.14,15.34,6.74,41.96,9.89,6.13,6.5,7.4,66.66,52.5,17.12,96.38,59.49,23.29,788.83,791.16,1350.98,72.62,141.36,285.82,457.22,761.06,2303.19,3320.85,15.55,10.78,0.534,0.515,2.92,8.63,25.68,33.03,85.66,161.9,1471387,330284,1036466,99227
João Pessoa,2015,0.751,0.825,0.694,0.741,74.52,11.8,7.18,44.14,9.36,9.93,10.58,12.29,61.31,50.23,16.81,96.29,52.51,22.46,805.42,812.62,1383.43,71.51,133.62,256.95,401.61,680.29,2564.99,3759.78,19.25,13.13,0.576,0.585,2.98,8.85,29.63,31.22,85.87,161.62,1267410,283754,879308,90965
Recife,2015,0.771,0.827,0.747,0.743,74.6,13.65,8.51,37.45,9.99,5.02,5.24,5.85,68.01,55.63,19.2,90.59,53.53,21.63,813.7,827.83,1429.57,76.96,117.76,260.97,407.82,676.87,2610.29,3986.97,21.05,13.78,0.587,0.612,5.27,10.85,28.59,30.53,72.75,149.35,3903544,664386,2839946,332082
Maceió,2015,0.702,0.793,0.636,0.685,72.58,16.32,6.04,43.08,8.77,9.57,10.21,12.03,56.96,42.64,12.12,82.62,45.91,15.83,568.06,572.39,1036.97,72.54,115.17,228.68,341.81,540.54,1617.24,2337.87,13.6,9.41,0.512,0.453,3.15,12.26,35.56,33.94,88.15,159.29,1230998,286008,860363,74324
Aracaju,2015,0.768,0.817,0.746,0.743,74.04,17.76,6.56,38.05,10.19,5.92,6.18,7.33,69.21,55.82,20.04,98.22,62.63,26,814.47,818.18,1495.55,80.09,144.81,291.87,457.88,747.68,2444.67,3506.85,16.06,11.2,0.543,0.521,1.98,8.44,24.23,28.22,93.08,160.59,914076,186862,662149,59971
Salvador,2015,0.765,0.815,0.733,0.75,73.89,17.38,6.63,35.46,10.55,3.62,3.69,4.23,73.35,62.09,17.9,96.9,44.84,21.39,853.77,863.51,1337.32,76.88,154.54,317.45,495.94,768.64,2539.88,3644.64,15.44,10.76,0.534,0.497,2.8,6.38,21.91,23.64,70.93,162.33,3807614,694651,2810809,252451
Belo Horizonte,2015,0.806,0.871,0.771,0.78,77.24,11.34,8.09,38.15,9.98,2.9,3.04,3.55,66.2,51.56,17.73,96.62,67.62,23.89,1024.23,1033.2,1559.86,75.4,207.76,413.67,609.09,942.84,2952.55,4309.25,13.87,9.5,0.519,0.461,1.42,3.67,12.6,16.94,75.59,161.57,5190614,962639,3757352,419665
Grande Vitória,2015,0.787,0.858,0.748,0.76,76.49,11.21,6.71,39.7,10.13,3.44,3.67,4.24,70.35,54.99,17.2,95.22,56.81,19.37,907.07,921.82,1593.66,79.88,152.15,332.99,526.15,844.62,2681.88,3868.37,15.95,11.06,0.539,0.508,3.22,7.76,19.6,21.13,73.63,149.98,1868224,374971,1337282,125449
Rio de Janeiro,2015,0.783,0.824,0.761,0.767,74.45,13.12,11.47,43.97,10.33,2.32,2.4,2.67,72.86,55.41,17.31,94.62,58.06,22.14,946.75,961.17,1573.43,73.68,180.52,378.3,580.43,911.11,2687.53,3847.31,13.77,9.62,0.514,0.45,2.39,5.33,16.24,16.21,68.59,157.92,12390196,2167985,8606062,1421381
São Paulo,2015,0.829,0.857,0.829,0.802,76.43,11.68,9.06,40.45,10.58,2.74,2.88,3.33,72.85,59.06,22.31,94.03,74.4,22.28,1175.49,1188.23,1992.73,80.2,215.2,428.4,651.83,1022.69,3578.23,5300.12,16.47,11.12,0.549,0.517,1.54,3.26,11.91,12.04,65.84,162.62,21061897,3913485,14996331,1908527
Curitiba,2015,0.801,0.853,0.772,0.781,76.2,10.27,7.8,40.03,10.22,2.22,2.3,2.66,69.34,55.25,22.71,93.14,56.7,23.06,1035.17,1043.7,1688.46,80.56,246.15,485.41,722.33,1107.04,2626.21,3576.82,9.78,7.18,0.452,0.349,1.18,2.74,9.59,17.04,68,162.95,3439954,685531,2456600,268313
Florianópolis,2015,0.846,0.917,0.808,0.816,80,8.48,7.98,35.67,11.15,1.9,2.01,2.29,77.03,61.67,25.99,94.5,62.18,30.36,1282,1295.65,1774.97,72.74,334.66,616.34,908.6,1341.63,3221.87,4403.84,9.26,6.78,0.441,0.321,1.05,1.62,4.86,0,35.84,152.84,976931,167787,720075,77953
Porto Alegre,2015,0.77,0.83,0.701,0.784,74.78,10.19,9.43,41.39,10.39,2.04,2.12,2.34,69.19,53.58,18.81,94.06,49.66,19.65,1052.64,1059.35,1620.23,75.52,234.5,472.94,710.82,1084.68,2764.65,3877.22,10.96,7.82,0.47,0.383,1.42,2.75,10.59,21.69,65.34,168.7,4184126,800681,2959243,394729
Vale do Rio Cuiabá,2015,0.791,0.81,0.823,0.742,73.61,14.5,6.38,42.47,10.14,3.34,3.56,4.17,73.76,54.78,15.95,92.2,73.57,31.75,810.87,821.73,1367.2,81.22,192.89,393.45,566.8,846.57,2064.18,2791.45,9.52,7.04,0.449,0.34,2.26,4.26,14.38,18.13,63.89,158.15,894835,197865,628087,57055
Goiânia,2015,0.787,0.829,0.774,0.76,74.76,12.78,6.79,39.42,10.12,3.51,3.67,4.29,69.78,53.22,17.89,96.85,70.34,26.12,905.58,916.65,1545.75,82.62,208.62,420.41,616.22,949.89,2336.04,3178.53,10.11,7.43,0.459,0.354,1.54,4.3,12.77,9.54,77.12,161.62,2435009,493396,1746494,165303
Manaus,2016,0.75,0.818,0.745,0.691,74.09,14.5,4.33,46.8,10.16,3.61,3.87,4.6,71.66,59.7,16.27,96.99,59.32,20.21,590.84,597.37,1237.21,82.8,100.44,212.73,321.33,541.88,1776.23,2623.36,16.75,11.34,0.55,0.527,5.15,15.37,38.89,39.99,84.85,153.03,2416749,638571,1646331,104589
Belém,2016,0.745,0.819,0.717,0.705,74.13,16.66,7.11,40.04,10.02,3.32,3.53,4.18,70.07,53.67,13.03,95.15,49.57,20.21,643.46,646.42,1130.9,76.66,134.41,257.96,388.29,592.84,1840.23,2713.67,13.83,9.38,0.516,0.462,2.86,9.03,30.15,38.88,88.99,165.21,2259233,473307,1613328,160736
Macapá,2016,0.747,0.813,0.726,0.705,73.77,19.4,3.65,45.36,10.64,3.46,3.81,4.41,74.96,62.87,21,92.7,51.58,24.4,643.86,650.54,1404.86,85.18,110.33,233.65,380.68,638.79,1860.32,2600.72,15.12,10.82,0.528,0.491,4.24,13.16,33.4,36.63,85.32,150.69,589931,156160,405849,21523
Grande São Luís,2016,0.764,0.803,0.81,0.685,73.17,18.67,5.87,39.65,10.19,3.71,3.98,4.84,75.22,60.85,13.81,97.38,70.19,23.59,569.45,578.26,1149.13,82.17,104.56,225.42,338.64,540.88,1639.69,2421.88,14.68,9.94,0.527,0.484,5.36,13.11,36.02,29.93,76.69,153.72,1423244,298477,1019175,83513
Grande Teresina,2016,0.737,0.829,0.698,0.692,74.73,18.17,6.03,43.63,8.91,9.88,10.63,12.31,58.23,43.48,13.13,98.69,56.13,20.1,593.18,595.25,1048.99,76.34,110.83,227.37,363.41,574.85,1693.81,2496.35,14.76,10.02,0.522,0.482,3.24,14.42,34.08,43.17,94.17,150.55,1208516,288564,841388,72922
Fortaleza,2016,0.761,0.833,0.748,0.708,74.97,12.87,7.78,41.17,9.23,7.3,7.68,9.07,65.02,47.94,12.19,96.99,60.32,19.41,653.9,660.82,1152.18,74.54,115.47,239.42,369.86,569.91,1981.38,2992.07,16.86,11.17,0.552,0.54,4.76,11.46,33.04,32.53,78.91,155.82,3873701,779694,2743946,301335
Natal,2016,0.766,0.838,0.723,0.741,75.28,13.57,7.36,39.59,9.96,7.38,7.77,8.94,67.06,54.14,17.65,97.11,49.22,22.82,807.06,812.44,1368.67,72.85,136.08,284.4,442.05,714.8,2465.68,3587.51,17.06,11.73,0.555,0.556,3.97,8.88,26.19,33.17,75.25,158.64,1488314,300578,1066221,109573
João Pessoa,2016,0.757,0.837,0.711,0.728,75.22,11.97,8.42,45.34,9.47,8.09,8.61,10.19,61.66,49.98,17.96,97.62,55.81,21.5,743.96,745.84,1281,70.64,118.63,245.28,407.16,662.19,2291.27,3387.11,18.62,12.59,0.562,0.573,3.31,12.94,31.58,40.64,93.89,152.83,1279484,286904,880315,107796
Recife,2016,0.765,0.827,0.743,0.73,74.59,12.67,8.25,39.41,9.8,5.43,5.7,6.49,67.18,54.29,17.7,97.44,58.62,19.03,752.06,769.96,1443.63,76.09,101.56,237.87,377.04,606.92,2450.23,3773.76,22.24,14.44,0.598,0.633,5.82,12.86,32.76,23.39,70.2,144.53,3927484,690597,2817293,323946
Maceió,2016,0.726,0.802,0.681,0.7,73.1,14.34,7.48,40.64,9.2,9.02,9.53,11.11,60.71,48.3,15.42,94.84,46.74,22.02,623.42,629.44,1112.97,71.46,122.69,244.3,367.52,597.75,1793.79,2417.07,13.17,9.78,0.518,0.466,3.38,10.79,31.75,29.81,84.48,156,1239068,251744,880994,92624
Aracaju,2016,0.758,0.824,0.709,0.746,74.45,16.61,6.19,38.38,10.14,5.65,5.99,7.03,68.43,55.93,19.9,96.9,58.81,22.64,827.94,847.48,1599.03,80.31,98.42,256.6,437.95,754.94,2651.49,3798.46,21.4,14.94,0.582,0.617,6.89,13.29,29.06,28.03,68.99,133.26,925792,176755,669003,57280
Salvador,2016,0.77,0.821,0.75,0.741,74.26,17.49,7.67,38.73,10.36,3.93,4.13,4.77,72.2,59.5,16.31,96.28,49.17,21.46,804.46,814.9,1318.47,72.73,119.91,275.76,446.15,727.13,2467.63,3559.22,17.99,12.47,0.563,0.571,5.45,10.33,26.89,37.39,71.48,147.35,3837498,724588,2766096,294491
Belo Horizonte,2016,0.806,0.879,0.779,0.765,77.72,10.33,7.82,38.42,10.14,2.75,2.9,3.37,68.15,53.16,18.42,98.11,65.79,23.31,932.59,946.54,1459.67,75.56,175.72,369.9,556.8,881.23,2674.47,3847.12,14.1,9.8,0.52,0.469,3.2,5.71,16.29,21.3,62.41,153.33,5231802,964429,3779747,409295
Grande Vitória,2016,0.787,0.867,0.752,0.749,77.02,10.77,7.45,39.32,10.13,3.42,3.64,4.32,69.94,56.38,18.05,96.85,58.87,24.56,846.16,863.7,1458.69,76.52,135.35,317.06,498.89,809.47,2471.21,3566.75,15.77,10.92,0.535,0.5,4.69,8.3,21.98,25.54,62.28,145.42,1896056,354972,1360968,141195
Rio de Janeiro,2016,0.788,0.829,0.763,0.773,74.72,12.89,12.06,41.86,10.5,1.92,2.01,2.26,73.44,57.83,20.47,97.42,59.28,21.04,982.54,1000.41,1675.67,74.84,164.63,363.51,565.39,929.19,2903.77,4136.07,15.66,11,0.536,0.498,3.17,6.12,17.6,17.15,63.93,150.95,12454124,1941103,8779209,1501895
São Paulo,2016,0.844,0.863,0.853,0.816,76.8,11.41,8.85,39.85,10.96,2.11,2.21,2.5,75.66,62.93,26.41,93.3,78.03,26.22,1282.91,1297.48,2178.55,81.37,207.97,434.39,688.64,1180.92,3908.06,5665.91,17.64,12.17,0.558,0.552,2.08,4.31,12.41,14.91,64.84,153.34,21235551,3903358,15184441,1878450
Curitiba,2016,0.815,0.863,0.798,0.785,76.78,9.45,8.85,39.01,10.19,2.09,2.23,2.6,70.83,57.23,22.56,95.66,63.15,24.67,1058.91,1071.56,1731.74,78.54,228.88,469.68,695.93,1052.96,2842.77,4038.06,11.56,8.14,0.482,0.393,1.38,3,10.83,5.83,65.87,164.31,3480411,626879,2503767,308077
Florianópolis,2016,0.845,0.917,0.813,0.809,80.01,7.4,8.52,35.08,10.86,1.88,1.97,2.32,75.36,60.85,24.99,97.62,53.65,35.72,1226.85,1235.45,1789.95,76.02,294.21,563.4,834.54,1314.92,3138.24,4230.23,9.87,7.32,0.454,0.354,0.99,2.13,6.37,7.44,58.54,158.48,994392,166170,736169,84766
Porto Alegre,2016,0.785,0.837,0.731,0.79,75.19,9.63,10.17,40.94,10.4,2.04,2.15,2.4,70.08,53.85,18.23,97.74,51.32,25.92,1091.71,1104.32,1676.09,73.37,214.36,445.61,667.99,1041.51,3086.47,4433.86,13.44,9.35,0.51,0.448,2.07,4.15,11.52,20,68.22,155.77,4209789,744318,2987001,427981
Vale do Rio Cuiabá,2016,0.787,0.824,0.797,0.743,74.43,13.28,6.86,40.86,10.08,3.74,3.98,4.74,70.33,55.84,21.38,95.68,68.44,27.12,814.86,823.68,1484.79,84,181.62,354.34,533.71,818.55,2191.29,3057.65,11.41,8.18,0.481,0.396,2.1,3.52,17.41,15.33,55.51,169.36,903381,190004,641347,62003
Goiânia,2016,0.783,0.835,0.765,0.751,75.11,13.31,7.2,41.83,9.84,4.17,4.39,5.14,66.38,52.19,19.7,95.99,64.46,23.41,856,867.92,1421.23,78.89,176.58,365.13,559.34,838.67,2342.04,3314.28,12.24,8.65,0.492,0.417,2.53,5.13,16.42,14.32,63.29,155.51,2478630,517249,1747618,178389
Manaus,2017,0.771,0.823,0.783,0.71,74.4,15.56,4.87,44.35,10.62,2.75,2.94,3.51,74.15,62.4,17.77,97.77,65.23,23.68,662.64,679.24,1411.01,83.12,89.26,207.92,333.74,576.91,2107.08,3207.86,21.59,14.18,0.592,0.623,6.81,15.86,38.51,26.77,73.33,143.96,2459845,574920,1704101,119872
Belém,2017,0.75,0.822,0.726,0.708,74.3,16.89,6.98,40.24,10.32,3.48,3.69,4.31,72.43,56.19,15.57,96.12,52.74,22.98,653.74,660.34,1171.9,77.28,125.66,253.92,390.47,601.07,1902.58,2827.9,14.9,10.02,0.529,0.492,3.78,10.19,30.64,27.92,77.56,160.11,2275757,468815,1622760,158830
Macapá,2017,0.74,0.816,0.708,0.701,73.97,20.03,4.46,48.68,10.04,5.12,5.56,7.21,68.28,54.77,17.93,96.65,55.85,25.26,626.28,631.89,1451.16,86.52,94.27,191.09,302.2,535.92,2012.81,2981.48,20.9,14.11,0.591,0.629,5.74,19.63,44.45,37.63,91.87,151.62,601678,164473,404670,26821
Grande São Luís,2017,0.763,0.817,0.82,0.664,74,19.68,6.22,40.67,10.34,3.44,3.65,4.27,76.29,60.41,13.71,97.15,66.51,22.94,496.86,513.57,987.64,78.19,80.09,209.1,330.53,525.92,1343.2,1869.58,12.93,9.29,0.499,0.429,8.75,17.33,38.76,27.14,67.31,138.92,1433564,277378,1019118,89214
Grande Teresina,2017,0.759,0.838,0.746,0.699,75.29,17.16,7.9,42.59,9.21,9.2,9.84,11.53,60.84,46.33,14.67,98.35,59.21,26.69,619.15,622.26,1074.79,74.1,119.72,247.72,380.02,580.76,1762.84,2581.27,14.05,9.6,0.518,0.475,3.89,10.94,31.19,37.98,81.14,154.69,1213338,258812,850929,95865
Fortaleza,2017,0.767,0.836,0.751,0.72,75.16,13.42,7.71,41.36,9.72,6.11,6.45,7.67,66.87,51.42,13.99,97.74,57.94,21.61,706.45,711.05,1216.69,76.76,123.59,258.5,399.4,626.08,2129.3,3195.24,16.73,11.15,0.55,0.537,3.96,10.89,30.38,39.84,83.11,159.06,3904606,812637,2762184,301080
Natal,2017,0.748,0.843,0.699,0.709,75.6,13.47,7.75,40.51,9.65,7.18,7.61,8.98,63.22,49.58,16.57,96.14,50.08,23.77,661.47,674.72,1108.69,67.8,95.15,239.57,392.72,657.74,1928.1,2718.58,16.24,11.52,0.538,0.526,6.83,14.47,32.91,28.99,69.87,141.15,1504536,286590,1070732,116542
João Pessoa,2017,0.773,0.837,0.74,0.746,75.2,14.17,8.86,45.08,9.63,9.16,9.77,11.3,63.24,52.36,19.74,96.2,60.83,27.61,827.98,831,1403.36,72.44,144.95,282.98,430.96,708.13,2580.41,3867.16,18.07,12.06,0.564,0.563,2.68,8.03,25.33,44.87,87.56,163.73,1291312,281096,890076,114410
Recife,2017,0.767,0.833,0.753,0.718,74.98,12.71,10.01,41.13,9.85,5.34,5.68,6.36,66.25,53.15,14.87,97.77,60.79,15.94,696.58,706.38,1300.55,72.4,108.86,241.28,378.75,602.21,2151.37,3291.24,18.8,12.29,0.569,0.577,5.61,12.43,32.7,31.9,76.22,150.4,3950556,697299,2799237,395415
Maceió,2017,0.724,0.808,0.684,0.686,73.5,14.07,8.63,41.09,9,9.54,10.09,11.74,58.58,45.49,13.52,95.62,55.89,19.03,572.6,581.27,1044.34,67.9,106.25,232.6,347.41,534.16,1647,2425.93,14.32,9.72,0.521,0.473,4.97,13.39,34.56,29.18,79.39,152.37,1246850,235401,883703,107573
Aracaju,2017,0.758,0.834,0.729,0.717,75.03,19.49,6.19,40.22,10.1,6.05,6.41,7.34,68.82,54.11,17.87,97.64,52.8,23.43,693.68,707.42,1320.5,73.98,88.27,240.55,401.07,674.67,2070.67,2922.2,17.77,12.59,0.552,0.57,8.26,15.54,32.27,27.98,67.67,132.43,937307,190648,668432,57976
Salvador,2017,0.777,0.829,0.729,0.775,74.71,17.77,8.69,36.9,10.52,3.67,3.86,4.4,72.32,60.35,17.74,96.25,49.42,23.29,996.72,1017.54,1622.24,74.92,106.92,273.96,463.8,759.05,3383.31,5383.07,28.27,17.77,0.634,0.751,7.19,12.07,27.81,30.34,63.73,139.73,3867142,624830,2824855,336047
Belo Horizonte,2017,0.816,0.887,0.788,0.777,78.19,10.9,8.82,38.99,10.46,2.48,2.62,3.1,70.4,56.17,20.44,97.98,68.39,20.32,1006.19,1017.48,1534.69,72.65,171.61,374.13,581.11,930.82,2975.77,4360.97,15.98,10.91,0.54,0.513,2.5,6.27,16.52,23.49,78.05,151.29,5272059,952895,3793043,464922
Grande Vitória,2017,0.792,0.872,0.753,0.758,77.29,10.75,7.17,42.99,10.43,3.26,3.45,3.96,71.67,58.58,20.16,98,55.83,21.52,894.28,910.77,1527.13,76,143.46,329.76,522.58,853.68,2637.24,3790.47,16.02,11.15,0.539,0.51,4.26,8.41,20.17,27.41,67.65,144.03,1923539,404906,1345220,137982
Rio de Janeiro,2017,0.79,0.829,0.773,0.768,74.71,13.27,11.96,41.11,10.65,2,2.09,2.31,73.95,58.79,20.28,97.29,62.47,22.42,951.89,971.68,1559.22,71.5,162.59,362.17,567.15,899.51,2769.41,3973.04,15.14,10.56,0.53,0.483,3.38,6.62,17.5,14.55,63.29,147.87,12516330,1887165,8869949,1496606
São Paulo,2017,0.839,0.867,0.843,0.807,77,11.86,8.53,40.17,10.97,2.34,2.43,2.81,75.65,62.74,25.32,95.94,74.01,22.31,1214.69,1228.6,2029.94,81.11,187.27,404.51,649.75,1089.76,3760.74,5507.71,18.61,12.71,0.564,0.565,2.3,5.02,15.23,23.3,70.63,158.65,21402888,4054398,15269008,1825759
Curitiba,2017,0.816,0.869,0.79,0.792,77.13,9.69,8.55,41.16,10.29,2.64,2.74,3.18,69.38,56.65,22.71,96.21,63.53,23.84,1107.78,1120.79,1820.58,77.8,214.06,442.19,669.6,1048.97,3163.09,4579.69,13.96,9.64,0.515,0.458,2.34,4.07,12.06,24.64,62.37,160.53,3520208,683263,2493839,301066
Florianópolis,2017,0.849,0.912,0.825,0.812,79.73,8.96,10.72,38.38,11.32,1.54,1.61,1.76,76.2,65.19,29.15,97.86,67.09,30.1,1250.56,1265.09,1767.57,71.27,302.51,598.27,876.6,1354.97,3122.96,4174.13,9.27,6.93,0.442,0.326,1.43,1.97,5.12,7.08,37.46,142.63,1011652,160392,731060,108429
Porto Alegre,2017,0.794,0.842,0.747,0.797,75.52,9.65,11.25,42.91,10.56,2.05,2.15,2.38,71.14,55.25,19.42,98.54,51.26,26.41,1143.27,1154.23,1749.46,72.38,223.12,466.51,700.49,1097.47,3236.83,4665.49,13.53,9.39,0.512,0.454,1.6,3.2,11.66,17.47,63.35,161.9,4233592,753947,2962315,476488
Vale do Rio Cuiabá,2017,0.783,0.833,0.783,0.737,74.97,13.73,6.89,43.09,10.21,3.89,4.11,4.7,71.04,57.49,19.66,96.85,69.99,23.08,787.25,796.77,1303.38,74.81,158.13,349.93,528.54,784.93,2112.22,3065.4,12.07,8.31,0.486,0.403,1.44,5.53,20.36,6.92,81.49,159.41,911800,200838,637203,62858
Goiânia,2017,0.797,0.848,0.772,0.772,75.87,12.61,7.32,37.6,10.27,3.04,3.19,3.76,67.32,54.3,19.9,96.41,58.34,25.29,977.44,985.43,1547.23,80.86,213.8,419.63,619.29,919.6,2719.19,3918.3,12.37,8.59,0.497,0.428,1.9,3.92,11.83,23.35,71.16,157.55,2521290,483789,1832393,184512
Manaus,2018,0.761,0.826,0.774,0.69,74.54,15.44,6.4,42.78,10.67,2.59,2.71,3.25,73.04,62.41,18.56,96.34,60.36,20.17,587.19,596.01,1128.04,77.24,91.06,217.47,344.09,596.15,1696.28,2387.87,15.48,11,0.531,0.505,6.92,15.97,37,36.8,75.66,145.24,2503731,550288,1753500,160281
Belém,2018,0.784,0.83,0.778,0.745,74.8,17.21,8.01,42.63,10.65,2.98,3.16,3.5,73.32,58.44,19.02,95.95,64.2,24.99,826.2,837.24,1451.3,75.16,118.31,246.55,398.78,693.82,2675.87,4048.93,22.19,14.67,0.597,0.638,4.32,10.85,32.48,29.87,79.04,158.46,2292758,468431,1607477,183625
Macapá,2018,0.755,0.812,0.77,0.687,73.71,22.14,5.33,45.67,10.34,5.17,5.3,6.61,71.08,59.94,20.26,97.33,54.56,32.03,573.45,580.51,1265.95,82.2,90.87,197.34,317.99,567.6,1687.04,2442.7,16.95,11.71,0.545,0.538,6.37,17.66,41.54,30.19,82.67,147.17,613244,151647,420981,32679
Grande São Luís,2018,0.778,0.839,0.823,0.682,75.33,17.59,7.26,38.21,10.75,3.36,3.58,4.27,78.17,64.39,16.38,98.23,64.23,24.29,558.65,576.76,1102.24,77.58,82.06,216.81,345.06,561.67,1589.01,2267.45,15.17,10.63,0.526,0.48,7.65,17.04,36.47,24.23,70.46,137.85,1444368,248911,1045038,104916
Grande Teresina,2018,0.758,0.846,0.744,0.692,75.74,17.49,7.83,44.62,9.25,8.58,9.05,10.71,60.27,47.41,14.55,97.25,56.82,27.56,594.56,599.59,1067.25,72.84,103.02,230.85,368.76,605.67,1678.04,2336.97,14,10.05,0.514,0.485,5.28,14.05,34.36,29.87,79.68,148.87,1218532,269467,842578,95366
Fortaleza,2018,0.777,0.843,0.771,0.722,75.58,13.12,8.88,40.7,9.72,6.59,6.97,8.16,66.17,51.57,15.28,98.65,64.02,19.77,714.66,720.21,1159.78,72.32,124.94,260.74,402.04,627.28,2158.85,3245.49,16.83,11.2,0.55,0.539,3.95,10.18,29.27,33.74,79.4,157.54,3936471,753667,2797696,349631
Natal,2018,0.77,0.851,0.728,0.738,76.05,13.15,8.52,44.32,10.21,7.85,8.23,9.02,67.6,56.44,22.2,96.94,42.97,28.85,791.35,797.09,1375.28,70.67,104.12,268.28,482.04,839.14,2266.51,3066.83,16.47,12.17,0.535,0.553,5.51,14.37,28.51,33.54,80.16,137.1,1521061,326412,1053951,129519
João Pessoa,2018,0.768,0.852,0.72,0.738,76.09,12.17,7.77,45.17,9.7,9.66,10.23,11.86,63.45,53.14,19.97,94.65,51.97,28.14,788.3,793.91,1438.55,74.77,97.81,242.55,399.98,679.89,2530.1,3713.19,21.82,14.87,0.591,0.659,7.03,14.88,31.46,40.15,77.19,138.22,1303899,294287,898171,101353
Recife,2018,0.777,0.842,0.787,0.708,75.49,12.23,9.25,40.55,10.2,5.32,5.61,6.54,69.61,58.72,18.28,95.97,58.82,23.2,656.84,666.77,1220.45,73.18,103.68,241.98,391.88,602.47,1948.43,2883.47,16.68,11.27,0.544,0.53,5.38,12.72,32.15,25.91,74.32,144.51,3975411,717798,2828432,367784
Maceió,2018,0.736,0.822,0.701,0.691,74.29,13.76,9.56,40.76,9.17,9.38,9.82,11.22,59.1,46.87,16.07,97.82,54.82,24.27,589.13,606.76,1111.72,70.98,89.88,236.58,360.76,575.85,1683.94,2463.3,15.09,10.32,0.525,0.477,7.28,15.2,33.24,25.97,69.98,138.4,1255166,206684,891699,120020
Aracaju,2018,0.775,0.85,0.745,0.734,75.97,20.6,6.99,41.31,10.44,4.97,5.19,5.96,70.31,58.04,21.38,97.77,47.76,31.01,772.86,789.71,1485.85,73.91,89.84,235.74,399.31,707.72,2437.41,3526,21.66,14.97,0.584,0.628,7.23,15.07,34.01,29.13,67.92,139.12,949342,189733,671795,66317
Salvador,2018,0.781,0.836,0.764,0.745,75.13,17.65,8.17,36.19,10.86,3.1,3.2,3.61,74.82,64.08,18.93,95.85,52.39,24.9,824.78,839.68,1299.77,75.37,123.68,281.61,462.38,784.77,2483.34,3452.99,17.04,12.25,0.55,0.54,4.44,9.4,26.31,22.41,64.3,150.91,3898053,646453,2862295,318563
Belo Horizonte,2018,0.818,0.894,0.792,0.773,78.63,10.83,8.49,38.47,10.51,2.71,2.83,3.27,71.07,56.71,20.59,97.26,70.45,23.61,979.12,994.4,1516.43,76.34,181.87,390.57,592.31,927.69,2814.23,4075.83,14.24,9.83,0.521,0.465,2.41,4.85,17.15,14.59,61.88,164.15,5313480,939262,3837364,450877
Grande Vitória,2018,0.803,0.874,0.769,0.769,77.46,11.04,8.03,40.95,10.55,3.09,3.27,3.79,72.68,58.87,19.5,98.33,61.37,23.07,955.18,971.28,1513.87,75.76,154.18,352.02,561.07,892.06,2810.36,4097.56,16.19,11.1,0.541,0.517,3.73,7.58,19.11,20.85,67.56,149.1,1951673,377217,1384680,156732
Rio de Janeiro,2018,0.804,0.832,0.794,0.786,74.9,12.73,11.82,41.66,11.03,1.65,1.69,1.88,76.29,62.16,22.95,97.05,63.84,24.66,1066.31,1087.21,1748.65,71.54,166.97,369.38,590.97,969.35,3237.2,4713.22,17.58,12.07,0.555,0.537,3.38,6.17,17.82,17.14,59.59,154.16,12581397,1966328,8881213,1487233
São Paulo,2018,0.842,0.872,0.838,0.817,77.29,11.51,9.52,40.85,11.02,1.96,2.06,2.36,75.34,62.91,25.84,96.67,71.43,23.44,1289.93,1308.05,2129.81,79.69,188.98,423.03,669,1111.1,4066.18,6111.53,19.97,13.29,0.579,0.602,2.92,5.36,14.34,19.86,61.1,149.51,21570239,3890276,15314302,2053174
Curitiba,2018,0.824,0.878,0.803,0.794,77.69,9.09,9.29,40.17,10.46,2.86,2.97,3.35,69.87,57.21,23.46,96.52,56.92,26.67,1116.05,1127.52,1757.41,76.86,210.64,458.06,670.19,1088.19,3176.65,4467.02,13.36,9.5,0.512,0.464,2.4,4.68,12.22,19.73,65.24,151.16,3560605,651245,2540283,330679
Florianópolis,2018,0.855,0.913,0.836,0.82,79.75,8.25,9.3,34.6,11.65,2.1,2.14,2.39,79.82,68.09,29.04,99.47,58.47,38.79,1312.95,1329.19,1797.81,72.49,308.04,603.14,910.34,1420.06,3310.49,4497.26,9.87,7.27,0.451,0.338,1.37,1.74,4.9,2.97,27.55,141.42,1028921,155652,764444,95727
Porto Alegre,2018,0.795,0.849,0.743,0.796,75.91,9.69,10.31,44.37,10.58,1.5,1.55,1.73,71.11,55.59,18.83,98.5,55.25,22.84,1129.83,1138.29,1738.44,72.91,203.87,429.77,676.29,1088.54,3252.58,4675.4,14.76,10.27,0.525,0.482,1.2,4.33,13.84,13.46,87.03,165.85,4256990,835026,2948614,438755
Vale do Rio Cuiabá,2018,0.811,0.846,0.817,0.772,75.75,12.76,8.07,43.52,10.88,3.06,3.23,3.79,73.42,59.61,25.99,98.17,68.53,28.84,974.61,984.56,1634.4,77.57,186.51,378.88,612.49,973.92,2738.98,3810.09,13.48,9.69,0.509,0.454,2.15,4.61,15.71,21.04,64.98,159.28,920502,195598,641354,74248
Goiânia,2018,0.806,0.849,0.798,0.772,75.91,13.57,8.02,37.15,10.52,2.69,2.82,3.37,71.28,56.86,20.31,97.65,61.74,28.16,975.95,987.62,1497.8,80.23,229.42,447.33,650.31,994.89,2599.41,3527.63,10.43,7.68,0.464,0.36,1.74,2.85,10.54,14.99,48.7,164.19,2564282,457036,1869666,205640
Manaus,2019,0.766,0.826,0.784,0.693,74.57,14.93,4.81,41.61,10.86,2.55,2.67,3.27,74.92,64.32,19.84,96.24,65.71,22.98,595.13,605.95,1191.12,81.99,81.51,201.79,334.5,559.85,1804.43,2641.08,18.65,12.74,0.562,0.572,8.45,17.57,40.05,34.95,73.13,142.27,2547060,580134,1798676,122496
Belém,2019,0.77,0.835,0.763,0.716,75.11,16.86,8.94,41.04,10.51,2.83,2.98,3.4,72.62,58.03,18.09,97.38,58.65,24.97,690.56,696.52,1185.23,74.8,110.58,244.9,390.16,635.48,2075.37,3053.59,17.18,11.68,0.549,0.54,5.09,12.94,31.81,39.18,82.21,150.05,2309481,445438,1637435,206464
Macapá,2019,0.745,0.814,0.743,0.683,73.81,18.58,5.02,48.17,10.26,4.28,4.58,5.65,71.39,58.96,18.55,95.95,57.44,27.02,559.94,564.02,1214.48,84.21,110.83,203.44,333.24,589.79,1574.59,2120.78,13.5,10.02,0.51,0.454,3.27,13.61,39.79,31.87,92.07,155.9,624691,167235,421608,31331
Grande São Luís,2019,0.783,0.849,0.838,0.675,75.92,16.71,6.87,41.46,10.65,3.51,3.72,4.4,77.25,64.66,14.79,97.62,72.08,26.46,534.52,544.41,1020.71,76.38,88.32,216.11,352.41,547.47,1475.01,2049.15,13.46,9.69,0.505,0.458,7.25,15.41,36,30.05,70.53,139.04,1454965,299216,1028556,99957
Grande Teresina,2019,0.776,0.855,0.779,0.702,76.27,15.56,10.18,44.18,9.31,9.96,10.5,12.1,61.1,49.48,16.39,98.4,70.23,31.76,632.06,636.93,1056.98,70.54,110.48,256.76,389.87,625.4,1785.59,2550.35,13.89,9.72,0.516,0.489,5.7,12.97,30.07,34.02,74.63,145.99,1223518,239810,848593,124597
Fortaleza,2019,0.792,0.865,0.784,0.732,76.88,11.84,9.06,41.7,9.89,6.26,6.59,7.66,67.29,53.67,16.31,97.51,70.22,23.22,761.47,768.06,1248.5,74.24,120.28,260.92,410.04,659.66,2361.5,3593.76,18.85,12.39,0.57,0.591,4.98,10.73,29.81,34.64,72.9,154.93,3967659,770515,2799945,359570
Natal,2019,0.776,0.86,0.723,0.752,76.57,11.5,9.26,45.99,10.32,7.61,7.85,9.03,69.09,56.6,22.38,97.87,46.8,22.56,861.43,870.91,1372.86,67.99,105.47,270.28,493.14,881.13,2568.89,3628.44,19.31,13.67,0.559,0.593,5.6,13.48,28.66,34.52,78.2,139.47,1537296,324490,1053005,142350
João Pessoa,2019,0.764,0.856,0.709,0.734,76.35,12.72,8.77,44.59,9.64,9.13,9.66,11.31,62.32,51.42,20.16,96.2,46.72,22.05,769.36,779.34,1386.04,71.9,92.88,233.02,390.45,667.85,2461.08,3679.29,22.58,15.1,0.595,0.666,7.21,14.8,33.53,30.33,70.39,139.37,1316241,273274,910297,115438
Recife,2019,0.786,0.848,0.786,0.728,75.87,11.61,9.73,40.63,10.35,5.75,6.08,7.07,70.38,59.1,18.77,96.45,64.55,24.08,742.5,762.77,1321.1,72.72,95.06,237.56,377.34,650.7,2393.48,3565.07,21.44,14.39,0.59,0.622,7.3,13.63,33.77,25.1,63.82,142.59,3999817,660347,2844168,389017
Maceió,2019,0.735,0.828,0.697,0.689,74.65,14.25,9.99,42.18,9.18,9.09,9.6,10.96,59.33,46.75,14.41,97.4,56.64,17.66,583.84,593.86,1032.15,67.55,113.82,239.54,366.88,585.11,1620.38,2334.2,13.21,9.17,0.504,0.435,4.73,11.46,33.73,31.06,76.83,155.67,1263301,226923,888551,126203
Aracaju,2019,0.778,0.859,0.738,0.744,76.51,19.42,7.18,40.81,10.69,4.69,4.94,5.87,72.54,61.95,21.19,97.85,49.58,20.64,818.04,829.42,1319.66,69.75,103.45,243.45,405.24,727.48,2629.24,3790.89,21.86,15.16,0.587,0.631,5.46,12.83,32.28,32.9,73.95,146.14,961120,196044,682563,69013
Salvador,2019,0.795,0.842,0.785,0.76,75.53,17.41,9.43,37.74,11.05,3.3,3.44,3.94,76.97,66.1,20.79,97.31,58.83,27.84,908.22,920.54,1395.59,73.9,121.91,295.65,491.01,801.81,2833.14,4259.71,20.4,13.57,0.577,0.608,4.47,10.17,25.11,28.34,70.75,143.23,3927730,649812,2851485,370237
Belo Horizonte,2019,0.821,0.898,0.806,0.765,78.85,10.87,9.46,41.47,10.39,2.72,2.87,3.29,69.91,56.62,19.14,98.88,71.3,20,934.82,944.8,1432.28,75.54,187.94,383.93,585.91,884.23,2640.43,3843.68,13.44,9.23,0.51,0.455,2.83,4.88,15.4,25.36,60.34,157.54,5353665,1004872,3784298,506268
Grande Vitória,2019,0.804,0.88,0.76,0.778,77.79,10.41,7.63,41.59,10.7,2.89,3.02,3.45,71.52,59.3,22.35,98.13,54.12,22.01,1016.04,1022.9,1597.48,76.41,168.41,359.15,562.05,915.32,3081.59,4514.07,17.11,11.68,0.552,0.548,2.66,6.09,17.88,28.1,71.64,157.04,1979337,416989,1397901,150969
Rio de Janeiro,2019,0.806,0.831,0.79,0.799,74.87,12.63,12.86,42.74,11.11,1.72,1.8,1.99,76.7,63.39,24.13,97.14,65.84,25.23,1155.21,1176.39,1819.97,70.25,161.72,382.96,627.6,1063.56,3514.88,5133.8,18.85,12.91,0.564,0.572,3.62,6.62,17.3,18.47,59.01,144.46,12644352,1923905,8858493,1626497
São Paulo,2019,0.849,0.875,0.86,0.813,77.49,11.48,9.42,41.16,11.02,1.98,2.07,2.37,76.17,62.96,24.48,97.57,72.04,24.47,1260.37,1272.94,2030.74,79.18,197.94,429.44,675.81,1099.26,3899.8,5873.73,18.72,12.43,0.567,0.572,2.27,4.16,14.12,22.12,64.19,159.92,21733634,4063336,15396576,2048356
Curitiba,2019,0.835,0.882,0.818,0.806,77.9,8.82,9.7,41.34,10.91,1.98,2.09,2.36,74.31,61.36,24.64,96.92,63.06,28.62,1208.74,1219.85,1915.43,80.22,243.91,503.61,743.61,1143.39,3410.29,4893.54,13.09,9.12,0.506,0.441,1.42,2.75,9.9,14.1,62.5,162.16,3600073,671043,2547036,349190
Florianópolis,2019,0.87,0.928,0.85,0.834,80.68,7.44,9.22,34.85,11.71,1.04,1.09,1.26,80.59,66.67,30.47,96.87,74.64,39.38,1436.47,1447.77,2005.96,74.6,330.18,647.81,948.56,1483.57,3773.45,5239.77,10.72,7.72,0.47,0.382,1.49,1.9,4.99,17.68,36.97,140.77,1045914,165674,775637,96440
Porto Alegre,2019,0.802,0.855,0.749,0.807,76.29,9.59,11.61,42.05,10.81,1.75,1.81,2.01,73.14,58.84,20.36,98.73,60.31,24.19,1211.2,1226.5,1763.64,72.78,237.88,510.79,738.51,1152.65,3467.4,4971.43,13.28,9.26,0.51,0.448,2.32,3.29,9.82,20.8,48.02,150.32,4279564,715201,3012690,496814
Vale do Rio Cuiabá,2019,0.807,0.85,0.811,0.763,76.02,13.46,7.16,45.6,10.7,3.73,3.91,4.55,72.41,59.07,23.55,98.11,74.75,26.24,924.43,929,1509.82,79.87,195.48,368.21,550.16,857.53,2656.24,3869.49,13.73,9.42,0.518,0.473,1.93,4.8,13.64,23.79,71.32,155.89,929055,219658,638105,66527
Goiânia,2019,0.802,0.851,0.8,0.757,76.08,13.21,7.74,38.22,10.48,3.19,3.3,3.69,70.7,56.03,20.99,97.94,65.15,25.24,887.93,897.4,1393.8,80,205.71,404.36,619.39,934.31,2294.67,3144.54,10.31,7.52,0.458,0.357,1.98,3.75,13.07,22.45,68.36,165.77,2606458,490907,1885782,201760
Manaus,2020,0.751,0.76,0.806,0.691,70.61,14.88,4.71,43.32,11.08,2.26,2.41,2.83,77.59,66.32,19.98,96.81,66.18,21.61,590.1,603.8,1265.1,79.91,101.34,233.23,368.61,571.9,1686.19,2528.3,15.11,10.08,0.524,0.47,6.13,13.22,33.94,32.74,72.27,146.48,2589809,601452,1806987,122049
Belém,2020,0.758,0.785,0.772,0.72,72.12,16.01,9.33,41.52,10.65,2.79,2.94,3.29,73.31,60.48,18.75,98.35,57.58,26.96,706.97,717.11,1283.62,73.97,144.73,284.18,434.93,656.31,2026.93,2924.67,13.64,9.45,0.512,0.447,3.28,7.41,24.68,25.05,71.14,161.68,2325927,431158,1643526,216951
Macapá,2020,0.722,0.752,0.737,0.678,70.09,19.67,5.36,48.08,10.5,3.98,4.29,5.21,72.37,60.24,19.51,96.99,61.48,26.7,543,547.77,1251.51,80.33,102.87,219.47,341.45,568.56,1494.48,2039.28,12.65,9.27,0.499,0.446,5.94,14.43,37.38,39,77.98,152.77,635998,166860,429482,34114
Grande São Luís,2020,0.769,0.821,0.825,0.671,74.23,14.6,7.2,43,10.97,2.74,2.84,3.37,80.6,68.2,14.89,98.22,70.32,29.44,520.38,533.02,1012.55,73.51,101.98,233.17,349.47,525.9,1395.36,1978.86,11.81,8.33,0.485,0.401,6.33,13.71,34.99,29.78,71.89,151.34,1465378,300082,1024771,105522
Grande Teresina,2020,0.768,0.83,0.799,0.682,74.8,12.83,9.41,42.62,9.68,8.43,8.86,10.37,64.27,52.98,17.1,96.43,77.21,31.6,556.49,560.79,1018.77,64.84,116.05,253.46,378.68,592.33,1445.79,2017.97,10.92,7.83,0.471,0.403,4.86,11.03,30.62,32.94,72.8,153.08,1228286,241052,861233,115596
Fortaleza,2020,0.787,0.804,0.818,0.74,73.26,12.04,9.05,41.09,10.45,5.25,5.47,6.28,71.49,58.85,20.69,96.06,75.69,26.96,798.25,813.24,1391.99,71.26,123.96,280.16,450.78,698.81,2443.81,3621.5,17.92,12.09,0.559,0.554,4.21,9.86,26.79,18.67,67.25,151.32,3998066,723739,2833718,361649
Natal,2020,0.783,0.834,0.766,0.751,75.01,11.71,9.85,47.4,10.78,6.35,6.52,7.28,72.31,61.94,25.51,97.96,67.56,24.2,858.5,869.02,1505.65,69.06,135.31,313.75,510.05,858.2,2479.93,3551.6,15.82,11.04,0.532,0.508,3.23,8.74,23.58,25.6,77.31,151.55,1553218,326723,1053709,152940
João Pessoa,2020,0.751,0.824,0.718,0.716,74.41,12.1,9.1,48.46,9.9,8.44,8.87,10.45,65.17,52.89,21.02,96.04,64.23,21.73,688.44,701.87,1449.7,67.13,110.54,242.7,367.59,598.35,2162.82,3245.66,18.38,12.25,0.566,0.566,5.72,11.87,32.75,25.11,69.56,151.49,1328308,286721,894740,120822
Recife,2020,0.771,0.799,0.81,0.709,72.96,11.89,9.48,42.05,10.73,3.76,3.98,4.59,74.3,61.79,20.44,96.36,65.49,25.48,660.3,678.81,1303.18,71.61,105.07,242.85,370.67,609.47,1978.17,2895.76,16.65,11.37,0.549,0.512,4.99,13.97,33.01,17.69,76.44,149.62,4023729,700005,2832559,381408
Maceió,2020,0.723,0.796,0.682,0.697,72.78,11.76,9.13,48.49,9.59,8.43,8.97,10.38,62.85,50.45,16.9,97.98,48.78,13.76,610.5,619.87,1151.62,61.8,125.5,255.55,360.43,531.52,1784.2,2717.81,14.26,9.36,0.525,0.473,3.64,9.56,29.64,25.27,73.68,158.66,1271241,279689,856086,116036
Aracaju,2020,0.772,0.818,0.765,0.736,74.05,18.12,7.34,38.24,10.95,3.74,3.84,4.53,74.45,64.35,22.62,97.84,59.51,26.15,781.38,784.39,1387.61,67.65,140.15,291.26,442.32,736.14,2318.88,3369.9,15.62,10.75,0.538,0.515,3.16,8.6,24.99,44.35,82.67,158.89,972637,193869,703594,71433
Salvador,2020,0.779,0.805,0.778,0.756,73.32,16.84,10.14,39.95,11.22,3.1,3.26,3.73,77.6,67.67,22.38,96.77,70.42,28.81,883.03,927.5,1672.09,75.35,88.13,280.57,472.65,794.54,2794.78,4243.81,23.02,15.16,0.594,0.639,8.2,14.78,27.48,13.16,57,123.07,3956088,534354,2826822,401308
Belo Horizonte,2020,0.814,0.879,0.808,0.76,77.75,10.45,9.85,41.84,10.59,2.35,2.45,2.82,71.39,58.74,20.46,99.1,72.46,18.65,903.88,915.57,1460.4,71.2,195.33,388.43,579.46,856.61,2504.28,3617.64,12.39,8.58,0.494,0.415,2.37,4.71,13.94,21.39,64.95,156.1,5392522,989383,3801748,531404
Grande Vitória,2020,0.793,0.838,0.782,0.762,75.27,10.63,8.15,40.99,10.83,2.54,2.58,2.87,72.53,60.59,23.5,98.51,61.48,26.25,914.77,935.83,1591.15,75.18,152.47,351.67,540.23,872.51,2655.86,3724.06,14.77,10.54,0.526,0.48,4.28,6.98,18.5,19.16,52.17,142.83,2006486,374025,1423137,163438
Rio de Janeiro,2020,0.792,0.792,0.798,0.786,72.53,12.89,13.27,43.39,11.31,1.36,1.43,1.55,78.38,65.38,24.89,97.14,71.48,25.72,1063.03,1100.6,1899.45,69.9,141.87,361.88,581.62,971.99,3260.26,4721.46,18.75,12.94,0.565,0.547,4.84,8.51,18.95,12.87,53.73,135.16,12705072,1719464,8860459,1685541
São Paulo,2020,0.834,0.843,0.857,0.803,75.6,10.43,9.8,42.51,11.25,1.87,1.96,2.23,78,65.85,26.77,98.04,70.13,22.55,1186.32,1208.65,2164.97,80.2,178.69,393.96,632.04,1028.79,3700.38,5500.74,19.21,12.92,0.57,0.568,3.03,5.64,16.21,15.64,60.5,154.79,21892787,3975333,15362150,2145292
Curitiba,2020,0.824,0.856,0.834,0.784,76.38,8.02,9.59,41.57,10.99,2.17,2.26,2.59,75.13,62.88,25.81,95.07,76.83,29.37,1052.65,1079.63,1829.7,80.7,215.62,464.62,703.97,1064.55,2823.64,3972.55,11.68,8.3,0.483,0.382,2.72,3.97,11.04,1.99,34,142.39,3638553,628535,2570130,348932
Florianópolis,2020,0.853,0.905,0.837,0.818,79.3,8.6,8.99,34.99,11.97,0.69,0.72,0.84,83.36,73,32.08,97.43,68.4,39.98,1299.63,1309.9,1950.06,75.78,296.53,578.16,899.07,1349.05,3395.13,4800.08,10.98,7.76,0.468,0.374,1.03,2.36,4.68,13.92,76.63,136.08,1062604,171594,787171,95504
Porto Alegre,2020,0.795,0.846,0.744,0.797,75.73,9.14,12.42,44.59,10.91,1.45,1.51,1.67,73.97,60.01,21.65,98.35,65.46,28.42,1138.78,1157.82,1800.94,71.11,226.23,485.58,703.47,1076.09,3214.75,4632.12,13.01,9.03,0.507,0.433,2.04,3.31,10.65,8.88,46.26,152.38,4301233,721194,2974842,534181
Vale do Rio Cuiabá,2020,0.774,0.792,0.77,0.759,72.52,13.69,6.68,42.93,11.06,2.66,2.87,3.36,75.14,62.69,25.63,96.85,67.82,21.83,897.57,908.83,1684.54,84.12,158.28,333.21,509.3,798.13,2704.38,4048.85,16.48,11,0.548,0.524,2.5,6.3,21.05,15.64,76.8,162.65,937464,207113,655869,62647
Goiânia,2020,0.792,0.818,0.818,0.742,74.09,12.02,8.65,40.91,10.71,2.3,2.41,2.65,72.43,58.45,22.11,97.89,70.33,28.27,808.33,823.57,1366.98,76.22,196.08,383.92,564.55,821.46,2090.67,2857.81,9.85,7.21,0.453,0.333,1.92,3.82,14.02,1.8,54.24,157.26,2647751,490340,1879028,229087
Manaus,2021,0.716,0.724,0.756,0.67,68.46,14.88,6.31,42.42,11.05,1.88,1.92,2.29,78.12,65.49,19.78,96.51,67.8,19.76,517.88,528.87,1117.24,86.01,76.85,186.02,313.33,517.21,1495.94,2122.27,16.15,11.38,0.535,0.51,9.28,19.32,42.15,35.67,74.38,137,2631984,562736,1848076,166190
Belém,2021,0.755,0.8,0.756,0.711,72.98,17.26,8.31,44.25,11.18,1.62,1.68,1.96,78.13,64.94,21.99,95.91,55.73,20.27,667.22,677.37,1319.51,79.58,90.62,214.75,349.37,580.86,2107.67,3159.98,20.7,13.8,0.582,0.612,7.38,15.52,36.5,34.67,73.84,141.63,2342089,488626,1623674,194707
Macapá,2021,0.695,0.754,0.663,0.671,70.26,19.17,6.27,44.55,10.68,4.28,4.53,5.68,73.91,62.75,22.23,95.09,48.41,21.73,521.29,535.24,1144.84,86.75,87.38,203.42,316.39,535.15,1476.11,2014.8,13.86,10.15,0.516,0.45,5.83,18.69,38.42,25.07,83.04,139.43,647165,141086,447707,40568
Grande São Luís,2021,0.76,0.816,0.81,0.665,73.97,16.89,6.68,40.03,10.87,2.8,2.99,3.5,79.61,64.46,16.51,97.04,68.45,22.62,502.51,517.64,1037.64,79.29,74.41,192.09,317.52,500.3,1438.97,2101.5,15.77,10.8,0.528,0.486,8.99,17.87,40.53,26.01,67.68,135.72,1475593,279997,1053768,98551
Grande Teresina,2021,0.746,0.804,0.763,0.676,73.25,15.31,9.51,43.99,9.63,7.4,7.91,9.35,64.03,52.8,16.92,98.58,60.05,24.66,536.33,538.63,966.13,72.45,103.13,230.69,365.27,577.64,1415.87,1942.44,11.64,8.48,0.479,0.421,5.64,15.2,35.05,39.07,86.47,150.8,1232833,253487,856189,117300
Fortaleza,2021,0.769,0.804,0.797,0.709,73.25,11.83,9.19,42.9,10.15,5.34,5.67,6.33,71.8,56.49,15.25,96.07,63.61,23.66,660.94,666.36,1248.5,75.94,113.13,238.36,370.92,604.36,1983.79,2888.86,16.44,11.29,0.545,0.53,4.51,12.01,32.01,34.06,80.43,150.88,4027617,800679,2818419,370240
Natal,2021,0.752,0.82,0.691,0.752,74.17,13.07,9.46,39.9,10.51,6.34,6.53,7.56,70.17,60.02,24.68,96.59,55.09,16.57,862.56,871.66,1527.55,72.51,99.32,248.37,418.28,821.5,2735.49,4175.15,24.02,15.74,0.588,0.655,6.57,13.89,31.32,40.35,73.89,140.35,1568814,282631,1121399,148404
João Pessoa,2021,0.736,0.796,0.713,0.703,72.77,13.17,8.21,42.31,9.85,6.76,7.2,8.2,64.59,53.09,20.2,96.94,64.49,20.54,633.81,645.56,1316.9,73.33,79.54,206.26,328.2,547.19,2008.07,3074.42,21.52,14.05,0.589,0.625,9.42,18.44,39.32,39.73,73.63,140.69,1340075,262814,941629,110012
Recife,2021,0.75,0.787,0.778,0.688,72.19,12.58,9.12,42.39,10.34,4.71,4.89,5.79,72.3,60.34,17.1,97.17,63.05,23.74,578.34,592.21,1197.49,76.38,68.83,196.43,316.32,507.97,1812.24,2770.78,20.89,13.66,0.581,0.615,10.45,19.07,40.32,31.97,64.58,132.82,4047092,739524,2842173,368915
Maceió,2021,0.723,0.79,0.701,0.682,72.39,12.3,7.8,41.75,9.81,6.94,7.3,8.55,65.36,51.16,17.01,92.56,57.16,14.82,558.07,565.55,1048.41,71.21,94.2,216.27,327.01,510.61,1649.32,2429.45,15.65,10.62,0.537,0.512,6.91,14.5,37.66,35.2,71.66,148.71,1278970,260027,902285,99749
Aracaju,2021,0.757,0.812,0.744,0.719,73.71,14.72,6.51,40.08,10.62,5.14,5.44,6.18,73.85,59.72,19.49,95.85,49.29,24,700.58,713.75,1336.62,73.64,88.91,201.35,338.11,579.57,2301.48,3537.12,24.37,15.86,0.605,0.663,6.78,15.78,38.22,31.54,73.76,139.14,983876,198205,702348,64015
Salvador,2021,0.74,0.788,0.718,0.716,72.28,17,10.58,40.61,11.15,2.66,2.79,3.15,80.48,67.62,19.44,97.04,60.52,20.13,689.88,712.81,1263.06,69.9,76.02,217.71,372.36,628.55,2163.36,3106.65,21.15,14.73,0.582,0.613,9.42,17.84,34.66,30.48,65.65,126.71,3983002,588937,2832730,421215
Belo Horizonte,2021,0.802,0.841,0.799,0.767,75.46,11.18,9.79,40.99,11,2.09,2.19,2.5,74.5,61.68,25.64,99.17,63.77,23.68,948.38,958.79,1486.89,75.38,159.68,358.75,580.92,911.75,2736.67,3863.23,14.9,10.56,0.525,0.494,3.04,6.42,19.53,25.1,69.37,157.16,5429926,987214,3851299,531640
Grande Vitória,2021,0.776,0.818,0.768,0.743,74.08,12.16,8.72,45.67,10.86,2.82,2.98,3.33,74.36,61.29,21.2,97.66,59.28,22.2,814.58,832.3,1412.56,76.93,117.38,298.87,486.81,775.07,2403.61,3422.16,16.44,11.55,0.54,0.519,5.44,10.52,24.94,26.76,65.64,140.29,2033067,416678,1395636,177375
Rio de Janeiro,2021,0.776,0.781,0.77,0.776,71.85,12.78,13.98,44.11,11.43,1.41,1.46,1.62,79.01,66.58,26.29,96.21,65.18,25.09,998.53,1041.21,1779.48,72.49,114.7,316.03,529.15,902.15,3132.35,4544.86,21.1,14.54,0.581,0.586,6.55,10.15,21.96,15.29,48.22,126.63,12763342,1598411,8856861,1783830
São Paulo,2021,0.817,0.813,0.847,0.791,73.76,10.88,10.39,39.5,11.41,1.45,1.39,1.63,79.2,66.44,28.39,98.24,73.13,23.61,1100.21,1120.05,1883.9,79.37,158.53,379.61,610.6,992.3,3373.79,5013.37,18.63,12.54,0.563,0.566,4.1,7.18,18.02,25.49,61.13,144.75,22047443,3553103,15804357,2291276
Curitiba,2021,0.786,0.785,0.804,0.77,72.12,8.56,9.51,41.64,11.07,1.77,1.85,2.08,75.44,63.3,24.9,96.06,66.23,21.66,964.33,977.84,1625.87,80.5,202.76,417.71,619.93,965.75,2620.18,3681.61,11.87,8.45,0.488,0.403,2.1,4.27,13.18,15.84,66.67,156.13,3675991,678461,2595394,349457
Florianópolis,2021,0.833,0.877,0.815,0.808,77.64,8.28,10.02,44.53,11.86,1.66,1.68,1.85,81.39,68.33,34.77,97.56,75.73,42.86,1222.76,1234.72,1918.89,75.29,249.51,550.74,808.81,1252.28,3346.31,4651.76,11.63,8.36,0.484,0.405,1.25,4.42,9.92,13.49,90.89,156.36,1078968,212946,746520,108152
Porto Alegre,2021,0.775,0.797,0.746,0.783,72.81,9.84,12.55,43.94,11.19,1.22,1.27,1.43,75.92,62.9,22.96,98.91,64.41,21.96,1043.91,1058.22,1634.9,72.38,205.76,457.21,686.34,1040.61,2841.4,4080.82,12.31,8.57,0.491,0.427,3.19,4.58,11.44,21.45,49.87,139.1,4321911,714842,3002490,542505
Vale do Rio Cuiabá,2021,0.758,0.759,0.789,0.727,70.55,12.8,7.91,43.18,10.98,2.72,2.89,3.34,75.09,61.69,25.19,97.49,74.31,30.09,736.42,741.22,1414.24,85.66,161.29,318.82,494.73,716.44,1996.22,2858.32,11.91,8.32,0.484,0.407,2.25,6.2,22.16,28.75,86.51,169.32,945722,203171,660533,74800
Goiânia,2021,0.769,0.774,0.798,0.735,71.42,14.17,10.01,42.21,10.59,3.39,3.56,4.07,71.81,57.69,21.32,96.6,80.7,23.48,777.14,794.89,1367.13,82.06,146.48,324.8,506.16,762.07,2152.12,3059.2,12.98,9.13,0.5,0.422,3.84,7,20.14,19.1,63.53,146.88,2688129,467682,1890296,269091
Manaus,2022,0.78,0.818,0.828,0.701,74.09,14.54,6.02,44.26,11.21,2.22,2.33,2.66,78.88,68.92,22.21,97.53,71.92,23.62,628.85,635.26,1168.41,81,129.44,264.09,396.92,640.02,1722.17,2375.66,12.07,8.75,0.492,0.414,3.11,10.29,28.22,36.98,89.6,157.29,2673589,631809,1853258,160875
Belém,2022,0.793,0.845,0.803,0.736,75.69,15.31,9.33,40.92,10.78,2.81,2.97,3.37,74.59,60.87,19.85,97.98,70.79,24.95,779.02,788.32,1235.26,72.57,138.44,293.92,440.58,706.03,2330.78,3447.63,15.95,10.78,0.541,0.509,3.59,8.26,24.15,33.84,72.24,154.49,2357966,434784,1673256,219992
Macapá,2022,0.752,0.806,0.764,0.69,73.35,18.64,5.56,42.51,10.62,4.48,4.77,5.56,74.99,63.07,22.34,96.06,59.33,23.64,585.02,590.2,1154.8,84.45,113.19,240.88,373.75,588.27,1615.46,2310.35,13.05,9.12,0.502,0.444,5.63,11.88,33.3,42.74,77.04,155.96,658190,153785,461859,36603
Grande São Luís,2022,0.793,0.849,0.83,0.709,75.95,17.33,9.18,40.72,11.34,3.23,3.4,3.76,82.4,70.65,20.92,96.63,65.48,21.5,660.27,669.75,1140.52,73.55,126.21,261.98,384.57,614.77,1917.6,2806.47,14.46,9.88,0.524,0.473,4.58,8.53,29.1,32.84,66.9,157.69,1485572,272509,1055667,136356
Grande Teresina,2022,0.795,0.831,0.809,0.747,74.87,16.09,9.28,41.31,10.4,7.18,7.59,8.91,69.67,59.51,24.23,98.07,62.87,23.98,837.57,843.53,1281.53,69.77,140.5,297.72,473.02,767.04,2527.83,3702.69,16.9,11.54,0.55,0.534,2.68,8.41,22.94,39.47,83.29,153.17,1237137,235312,875457,114848
Fortaleza,2022,0.786,0.849,0.804,0.711,75.93,11.99,9.47,41.68,10.08,6.27,6.58,7.44,70.46,56.49,16.7,97.11,75.94,19.75,668.08,675.85,1076.83,72.01,125.14,256.84,397.34,623.69,1940.58,2847.36,14.91,10.16,0.529,0.488,3.9,10.39,29.59,34.1,79.04,157.53,4056209,756554,2862946,384214
Natal,2022,0.785,0.862,0.754,0.745,76.71,10.79,11.31,43.64,10.84,5.59,5.74,6.52,74.38,60.69,22.97,97.61,57.26,29.18,824.34,830.83,1298.93,66.51,120.79,278.18,462.37,808.73,2458.04,3537.07,17.73,12.32,0.551,0.555,4.07,11.65,26.31,35.65,83.08,144.01,1584011,288836,1102779,179231
João Pessoa,2022,0.788,0.83,0.786,0.749,74.8,15.04,10.6,45.3,10.3,7.32,7.71,8.8,69.13,58.29,24.12,98.2,65.01,25.29,845.37,853.69,1367.81,68.22,134.89,288.08,460.2,772.31,2594.04,3773.27,17.84,12.27,0.56,0.553,3.36,8.41,25.14,38,75.65,154.92,1351494,262764,930141,143300
Recife,2022,0.78,0.831,0.809,0.707,74.87,13.19,10.98,43.89,10.46,5.29,5.49,6.23,71.82,60.64,19.09,96.71,68.59,21.07,651.26,661.59,1115.58,70.78,118.32,258.01,387.15,628.36,1873.66,2706.33,14.38,9.96,0.522,0.472,5.1,11.03,29.23,35.45,72.72,149.27,4069813,730331,2828499,446841
Maceió,2022,0.757,0.815,0.748,0.712,73.88,12.19,8.03,43.11,9.82,7.5,7.86,9.23,66.96,53.92,16.1,97.76,65.78,18.07,671.14,676.2,1109,72.32,142.18,265.9,384.16,592.25,1977.62,2987.6,14.64,9.69,0.531,0.485,2.91,8.49,28.19,40.66,88.98,167.46,1286464,274515,898950,103367
Aracaju,2022,0.789,0.853,0.768,0.75,76.2,17.56,8.21,42.15,10.79,5.64,5.97,6.8,73.49,62.82,23.2,98.67,53.66,24.37,852.05,861.26,1325.09,67.42,126.03,257.46,418.72,739.87,2714.89,4009.21,20.91,14.16,0.585,0.609,3.53,10.85,28.93,37.5,85.67,155.06,994835,202198,699833,81658
Salvador,2022,0.788,0.827,0.8,0.739,74.62,17.82,9.8,41.8,11.25,2.22,2.32,2.62,79.53,68.6,22.32,97.96,62.5,23.06,793.23,814.32,1254.33,71.77,114.32,267.93,438.49,723.35,2441.52,3629.03,18.99,12.77,0.567,0.561,6.01,10.5,27.81,27.26,60.78,145.01,4008347,675596,2826682,392912
Belo Horizonte,2022,0.828,0.883,0.812,0.791,77.98,11.57,10.91,42.88,10.93,2.78,2.9,3.25,74.06,62.2,25.06,97.93,69.47,22.58,1098.19,1108.76,1592.11,74.33,200.62,410.91,653.48,1055.37,3168.41,4595.14,15.03,10.36,0.526,0.485,2.14,4.08,13.92,28.25,66.36,162.24,5465731,989356,3825320,596364
Grande Vitória,2022,0.805,0.871,0.778,0.771,77.23,10.19,9.65,45.08,11.06,2.58,2.68,3.01,75.12,64.53,24.1,97.35,62.27,25.51,970.55,984.01,1578.99,77.18,169.25,370.51,576.71,931.74,2806.36,3960.33,14.67,10.4,0.525,0.482,2.98,6.28,17.8,27.06,67.53,156.63,2059027,412782,1419280,198687
Rio de Janeiro,2022,0.821,0.837,0.835,0.792,75.2,13.06,13.68,43.01,11.51,1.61,1.67,1.83,80.69,68.52,26.85,98.29,75.02,26.65,1105.14,1123.22,1725.35,71.42,175.06,390.53,628.26,1057.88,3281.75,4634.86,16.39,11.6,0.543,0.522,3.14,6.56,16.2,23.11,66.78,147.63,12818943,1888127,8963590,1753138
São Paulo,2022,0.843,0.865,0.854,0.812,76.88,12.06,11.4,43.45,11.31,2.38,2.45,2.76,78.88,66.69,28.09,97.83,76.26,26.21,1252.14,1266.48,1986.63,79.65,205.57,442.23,679,1145.28,3783.9,5561.52,17.17,11.68,0.553,0.536,2.06,3.79,13.5,24.49,64.71,161.84,22197160,3930494,15473569,2529784
Curitiba,2022,0.828,0.858,0.844,0.785,76.45,9.19,9.64,38.93,10.72,2.24,2.3,2.69,73.67,59.92,23.88,93.63,75.55,25.6,1057.19,1066.78,1639.33,79.61,243.12,475.46,679.8,1048.89,2840.97,3993.06,11.11,7.91,0.478,0.389,1.71,2.8,9.7,22.82,56.83,164.58,3712285,648444,2672068,358044
Florianópolis,2022,0.856,0.901,0.838,0.83,79.05,8.92,12.07,38.84,11.67,1.24,1.29,1.49,80,67.82,32.44,98.02,75.41,37.47,1396.35,1410.96,1959.31,74.61,307.58,621.91,924.21,1420.67,3717.25,5170.56,11.13,8,0.475,0.382,1.13,1.99,5.86,4.95,48.77,154.16,1094955,162496,788619,132162
Porto Alegre,2022,0.804,0.842,0.769,0.802,75.54,9.85,13.43,45.13,10.83,1.66,1.71,1.93,72.55,58.71,21.73,97.79,61.25,22.51,1174.88,1186.17,1699.69,71.43,238.31,507.35,750.33,1178.13,3203.24,4563.39,12.24,8.59,0.493,0.42,1.4,2.84,9.78,15.19,57.39,158.09,4341465,725256,2991361,582898
Vale do Rio Cuiabá,2022,0.804,0.846,0.827,0.742,75.75,14.13,8,48.99,10.55,4.18,4.44,5.1,75,59.39,19.76,97.22,75.11,19.33,808.46,820.9,1326.54,79.36,183.68,366.34,549.75,841.79,2112.5,2936.77,10.68,7.68,0.469,0.375,2.91,5.16,15.31,27.04,63.04,154.04,953810,222894,640172,76287
Goiânia,2022,0.824,0.848,0.828,0.796,75.89,13.93,9.52,38.95,10.76,2.84,2.97,3.4,72.84,59.09,23.37,96.67,79.16,23.44,1132.47,1141.84,1726.35,79.95,230.72,439.45,637.21,1017.8,3348.08,4966,14.82,9.99,0.532,0.481,0.99,2.8,10.89,9.09,72.78,170.64,2727515,481611,1962986,259706
Manaus,2023,0.789,0.825,0.842,0.707,74.48,16.46,6.42,43.48,11.13,2.63,2.86,3.37,79.13,68.85,22.29,97.66,76.37,24.95,650.93,655.52,1264.26,80.92,140.4,257.85,390.46,633.61,1838.05,2683.42,13.48,9.23,0.507,0.438,1.59,7.79,30.38,25.92,89.99,169.91,2714585,629430,1891983,174185
Belém,2023,0.811,0.861,0.815,0.759,76.68,16.06,9.68,38.77,11.18,2.08,2.14,2.43,77.68,65.75,22.42,97.88,71.4,30.61,897.81,903.23,1443.79,75.74,167.86,326.71,500.57,855.42,2645.89,3779.67,15.28,10.7,0.535,0.498,1.82,5.58,19.34,36.86,85.49,164.97,2373544,418398,1710427,229821
Macapá,2023,0.779,0.803,0.793,0.741,73.16,20.7,7.29,37.82,11.24,4.94,5.27,6.45,77.39,69.68,30.87,98.7,59.4,28.84,804.75,810.41,1425.37,83.08,167.92,338.97,539.81,861,2113.26,2893.95,11.42,8.34,0.479,0.4,1.66,6.11,20.55,26.85,89.18,169.38,669070,129988,485452,48743
Grande São Luís,2023,0.803,0.865,0.851,0.703,76.87,17.68,8.44,39.08,11.04,2.7,2.82,3.32,80.64,68.59,20.89,98.88,68.88,29.11,634.1,654.12,1174.84,78.29,112.67,261.04,385.3,593.89,1824.42,2637.62,14.12,9.76,0.52,0.445,5.41,11.1,29.74,23.79,65.13,149.84,1495296,248181,1075141,126224
Grande Teresina,2023,0.808,0.852,0.822,0.752,76.14,15.15,10.13,42.64,10.35,6.79,7.15,8.18,70.9,58.49,20.76,99.19,69.43,28.23,862.96,871.34,1410.3,71.84,146.74,295.07,459.4,729.78,2685.8,4210.99,19.06,12.16,0.571,0.566,1.81,8.17,23.2,27.89,88.93,159.96,1241146,233210,870127,125772
Fortaleza,2023,0.802,0.866,0.831,0.717,76.97,12.58,10.3,43.6,10,6.22,6.56,7.43,69.82,54.92,16.76,97.3,75.6,20.84,691.77,705.91,1132.74,71.26,115.93,258.83,396.9,622.79,2067.66,3154.52,16.83,11.03,0.547,0.509,3.49,11.97,30,21.86,80.95,152.1,4083730,736270,2843736,420546
Natal,2023,0.801,0.894,0.77,0.747,78.63,10.81,11.01,50.34,10.53,5.24,5.58,6.37,71.12,58.63,21.39,97.48,62.52,20.59,833.32,843.49,1436.38,67.65,127.04,261.7,406.85,709.74,2669.06,3840.8,19.76,13.73,0.578,0.591,2.26,10.02,29.16,16.88,85.71,157.57,1598765,340066,1063436,175987
João Pessoa,2023,0.801,0.862,0.776,0.768,76.74,13.34,9.13,44.3,10.03,8.17,8.54,9.87,67.3,55.81,22.49,96.74,64.01,23.38,951.33,960.57,1698.75,74.24,141.78,267.08,413.87,719.24,3219.82,4955.91,24.24,15.75,0.62,0.687,2.24,7.87,28.47,28.57,85.76,168.24,1362488,279765,944229,124424
Recife,2023,0.791,0.85,0.832,0.701,75.99,13.31,10.43,42.43,10.47,4.18,4.38,5.07,73.67,62.31,17.24,97.32,71.61,23.01,626.25,644.05,1100.85,70.24,106.82,257.11,387.9,618.02,1773.97,2580.98,14.18,9.75,0.518,0.449,5.35,12.11,30.68,25.67,70.46,146.34,4091823,679283,2872862,426626
Maceió,2023,0.776,0.833,0.78,0.719,74.97,13.32,8.3,39.31,10,7.39,7.74,9.21,67.4,56.42,17.75,97.72,66.37,19.85,703.35,711.47,1115.11,70.27,152.55,293.22,427.41,659.59,1985.76,2923.64,13.12,8.91,0.505,0.429,1.81,6.68,24.31,19.14,83.04,167.53,1293705,241276,928634,107335
Aracaju,2023,0.799,0.867,0.805,0.732,77.03,19.48,8.97,41.15,10.77,5,5.19,6.05,74.36,63.11,22.21,97.09,67.42,25.55,760.39,780.44,1234.37,71.2,129.83,292.82,447.82,743.13,2199.98,3144.33,14.88,10.41,0.528,0.47,4.57,9.21,24.6,22.29,67.88,149.62,1005479,176018,712328,90177
Salvador,2023,0.793,0.845,0.805,0.734,75.71,17.09,10.84,41.39,10.86,2.86,2.97,3.39,76.51,64.27,19.52,97.94,65.14,21.63,769.87,794.56,1200.65,71.01,122.79,284.84,457.3,697.41,2287.07,3365.49,16.51,11.22,0.542,0.488,4.43,9.88,25.83,15.79,66.51,147.47,4032033,616786,2851621,437022
Belo Horizonte,2023,0.84,0.898,0.827,0.797,78.9,11.52,10.15,40.16,11.03,2.36,2.45,2.78,75.64,63.19,25.28,98.74,73.12,23.63,1139.58,1152.83,1678.38,77.34,219.44,446.17,684.41,1073.14,3276.66,4726.77,14.2,9.85,0.518,0.46,1.53,3.74,11.67,11.96,67.32,161.97,5499805,952706,3923831,558237
Grande Vitória,2023,0.825,0.877,0.822,0.78,77.62,11.17,11.77,48.03,10.96,2.7,2.83,3.26,75,64.18,25.82,98.7,71.42,25.93,1022.93,1036.41,1610.79,75.51,190.44,407.68,630.62,1002.9,2886.92,4102.28,13.72,9.65,0.513,0.455,2.4,4.94,14.95,21.05,66.05,158.76,2084324,403278,1408043,245228
Rio de Janeiro,2023,0.827,0.847,0.831,0.804,75.79,13.33,13.97,45.45,11.53,1.54,1.57,1.74,80.18,68.9,27.67,97.63,71.06,26.96,1194.26,1211.08,1875.91,73.07,187.17,407.1,656.14,1144.15,3580.53,5079.3,17.09,12.05,0.551,0.536,2.4,5.89,14.5,22.76,72.83,147.64,12871721,2036500,8849614,1797923
São Paulo,2023,0.852,0.881,0.858,0.819,77.84,11.86,11.78,42.35,11.15,1.92,2,2.26,77.35,66.25,27.64,97.68,77.91,23.79,1304.34,1320.52,2011.27,79.03,217.89,463.66,702.79,1143.99,3999.21,5941.62,17.44,11.74,0.557,0.54,1.71,4.24,11.37,13.83,72.79,153.34,22341522,3736643,15694384,2631865
Curitiba,2023,0.846,0.882,0.858,0.801,77.9,9.64,10.61,40.48,11.1,2.43,2.51,2.86,76.63,63.82,26.73,95.12,78.57,28.47,1168.12,1177.74,1759.23,79.19,246.81,504.16,732.67,1164.08,3198.31,4497.58,11.98,8.52,0.491,0.413,1.14,3.03,9.45,13.68,73.66,159.42,3747313,650200,2667559,397546
Florianópolis,2023,0.865,0.921,0.844,0.833,80.23,7.6,10.02,41.19,11.83,0.85,0.87,0.94,80.87,68.24,31.67,97.09,75.55,34.55,1427.86,1439.66,2013.73,76.16,301.3,628.86,919.18,1496.27,3825.23,5149.82,11.07,8.22,0.479,0.4,1.32,2.43,7.87,17.53,54.69,166.78,1110527,203463,786533,111320
Porto Alegre,2023,0.817,0.871,0.78,0.803,77.28,9.39,13.16,45.72,11.06,1.61,1.66,1.89,74.4,61.11,23.68,96.44,65.19,25.46,1183.13,1191.92,1706.72,73.09,248.72,509.05,767.75,1212.25,3194.76,4451.73,11.75,8.43,0.486,0.407,1.05,3.15,9.21,15.08,81.76,157.19,4359751,760560,2991770,573692
Vale do Rio Cuiabá,2023,0.812,0.858,0.806,0.774,76.46,14.32,8.86,44.77,10.96,3.44,3.47,3.97,76.93,64.95,25.91,98.05,65.66,22.54,987.51,1004.48,1650.16,82.27,186.88,386.86,590,949.39,2832.05,4057.78,14.15,9.87,0.519,0.458,2.8,5.45,14.23,19.05,66.3,146.01,961711,195950,664287,85230
Goiânia,2023,0.83,0.87,0.832,0.789,77.22,13.27,9.65,40.05,10.93,2.43,2.55,3,74.22,62.27,24.59,97.61,75.59,23.02,1085.73,1089.12,1591.52,77.61,252.76,461.42,669.58,1045.8,3005.03,4240.24,11.87,8.42,0.49,0.406,0.45,1.56,9.07,10.63,86.3,184.81,2765884,514834,1974964,266921
Manaus,2024,0.786,0.829,0.832,0.704,74.71,16.48,7.37,41.92,10.95,3.04,3.24,3.79,77.35,68.12,20.58,97.31,71.12,22.66,637.7,644.89,1180.89,77.78,143.54,282.49,409.77,635.17,1725.58,2406.67,11.3,8.1,0.48,0.385,1.92,8.43,26.02,25.71,90.07,165.61,2754936,579260,1941241,203002
Belém,2024,0.803,0.866,0.803,0.745,76.95,15.73,9.54,38.65,11.12,2.44,2.5,2.84,78.56,63.87,20.33,98.06,67.17,22.73,824.84,829.25,1262.64,72.57,170.47,317.77,487.95,764.15,2393.75,3423.74,14.03,9.81,0.517,0.459,1.47,5.62,19.94,35.94,92.39,169.98,2388804,422076,1722926,227893
Macapá,2024,0.762,0.812,0.752,0.726,73.69,19.63,6.76,48.84,10.7,5.32,5.54,6.87,74.8,63.7,24.52,97.23,65.2,24.8,731.05,734.45,1357.14,77.91,158.6,285.99,449.04,718.25,2063.95,2995.59,13.48,9.28,0.509,0.447,1.72,5.22,24.74,35.41,88.31,174.57,679814,173999,456735,45934
Grande São Luís,2024,0.806,0.869,0.846,0.712,77.14,17,8.45,42.05,11.29,1.88,2,2.34,82.43,70.96,20.58,97.51,69.77,21.02,670.53,681.68,1283.91,78.25,121.61,263.83,390.1,634.17,1948.5,2830.71,14.69,10.11,0.528,0.479,4.47,11.76,29.2,34.83,82.94,153.89,1504743,292967,1059306,127188
Grande Teresina,2024,0.809,0.858,0.835,0.738,76.49,14.6,11.25,43.87,10.29,7.89,8.38,9.51,70.69,59.55,22.61,98.86,77.35,31.14,788.04,791.76,1316.56,73.09,165.74,322.82,471.83,721.22,2262.72,3311.53,13.56,9.26,0.512,0.448,1.41,7.13,21.26,41.47,103.24,170.9,1244830,233697,865224,140063
Fortaleza,2024,0.796,0.87,0.814,0.711,77.22,12.73,12.65,44.55,9.71,6.4,6.76,7.76,67.4,53.35,15.22,97.76,77,20.65,669.19,686.92,1153.28,73.43,110.02,266.59,418.52,658.84,1895.14,2720,14.44,10.06,0.519,0.459,5.03,12.33,28.67,23.71,73.03,144.7,4110061,640924,2843343,519725
Natal,2024,0.822,0.896,0.815,0.761,78.78,10.79,11.13,43.47,10.72,5.86,6.19,7.04,73.91,63.03,23.36,99.12,77.51,23.19,910.99,922.77,1489.38,73.63,152.89,329.1,513.25,838.53,2724.1,3728.74,15.47,11.3,0.536,0.503,2.52,8.21,20.08,27.42,82.9,153.15,1613058,287938,1124322,179458
João Pessoa,2024,0.803,0.867,0.793,0.752,77.01,12.86,10.06,44.23,10.25,7.02,7.41,8.36,68.9,58.53,23.38,98.92,74.5,25.08,861.66,867.57,1435.79,71.7,151.22,312.89,509.28,807.03,2546.68,3596.98,15.5,10.97,0.534,0.498,1.65,8.48,22.69,33.44,95.07,162.36,1373037,272358,951955,138186
Recife,2024,0.806,0.854,0.823,0.745,76.22,13.3,10.46,42.55,10.59,4.51,4.72,5.36,72.44,62.58,20.86,97.83,69.58,23.05,824.64,835.71,1367.19,73.68,134.04,290.26,466.41,726.22,2508.1,3742.12,17.64,11.82,0.556,0.54,2.9,10.6,24.9,27.58,89.82,154.42,4113085,742218,2885371,430160
Maceió,2024,0.776,0.841,0.761,0.731,75.48,12.74,8.23,42.58,9.86,7.4,7.82,9,66.55,54.72,17.8,97.5,59.24,18.02,757.72,769.89,1244.82,72.05,138.48,291.62,455.85,684.96,2219.48,3316.94,15.42,10.32,0.532,0.482,3.31,9.03,24.96,29.05,80.58,158.55,1300667,259745,912261,107084
Aracaju,2024,0.809,0.867,0.814,0.75,77.01,19.07,8.26,42.78,10.96,3.9,4.1,4.65,75.08,65.32,24.05,97.39,71.17,27.33,852.42,863.94,1415.88,74.71,155.67,319.26,501.66,789.82,2514.18,3575.6,15.06,10.59,0.531,0.482,2.03,7.62,20.59,22.4,83.57,157.41,1015793,206494,711453,83955
Salvador,2024,0.803,0.849,0.827,0.738,75.94,16.35,11.25,39.16,11.14,2.27,2.34,2.65,78.73,68.19,21.85,97.91,77.45,28.77,790.32,808.95,1206.33,71.75,129.86,323.5,503.78,772.26,2225.13,3226.84,14.24,9.82,0.517,0.461,4.65,10.94,20.8,26.36,76.97,133.55,4054013,582700,2913241,456048
Belo Horizonte,2024,0.847,0.902,0.851,0.791,79.12,11.49,11.49,42.93,11.1,2.12,2.23,2.53,75.35,63.65,25.2,98.22,83.36,27.2,1096.29,1105.97,1624.06,77.26,239.91,484.6,705.34,1076.42,2980.01,4186.63,11.56,8.23,0.484,0.401,1.23,3.48,10.46,13.96,77.33,164.32,5532041,977109,3870565,635438
Grande Vitória,2024,0.832,0.88,0.825,0.793,77.82,11.19,11.58,46.06,11.19,2.37,2.49,2.76,77.85,67.2,26.3,97.99,72.18,26.78,1108.92,1123.55,1701.21,77.34,223.66,448.18,688.08,1097.37,3091.73,4326.06,12.88,9.2,0.502,0.426,1.6,3.95,11.17,9.92,72.66,156.42,2108928,393247,1443890,244163
Rio de Janeiro,2024,0.833,0.85,0.846,0.803,75.99,13.11,14.57,46.37,11.57,1.74,1.81,2.01,80.47,69.06,27.71,98.11,73.98,28.52,1180.26,1198.09,1809.49,72.19,201.32,435.6,678.23,1137.42,3477.99,4887.84,15.35,10.92,0.533,0.494,2.4,5.13,12.91,19.4,67.89,149.37,12921620,2015914,8827938,1882610
São Paulo,2024,0.855,0.885,0.863,0.819,78.08,11.56,12.17,43.19,11.29,2.07,2.16,2.38,79.43,68.37,28.2,97.45,77.85,27.22,1311.1,1332.08,2032.52,80.18,231.96,497.37,757.95,1224.29,3832.24,5664.85,15.53,10.51,0.536,0.494,2.05,3.76,10.14,10.97,54.07,147.67,22480356,3675308,15699276,2736563
Curitiba,2024,0.856,0.885,0.856,0.827,78.09,9.28,11.59,41.47,11.33,2.03,2.12,2.35,78.05,67.51,28.71,94.59,76.16,29.5,1376.65,1390.13,2032.06,78.73,278.38,563.57,836.06,1335.21,3873.5,5455.17,12.96,9.2,0.506,0.442,1.54,2.45,7.31,16.94,50.82,153.22,3780998,633721,2672571,438032
Florianópolis,2024,0.874,0.921,0.855,0.849,80.28,7.22,12.37,38.98,11.91,1.58,1.6,1.83,81.86,71.83,33.67,98.63,72.8,31.77,1577.69,1587.84,2090.81,72.66,335.07,642.52,974.38,1668.34,4300.88,5779.72,11.82,8.8,0.49,0.42,0.95,2.22,5.17,11.4,65.14,144.53,1125672,168542,809926,139250
Porto Alegre,2024,0.831,0.874,0.805,0.817,77.46,9.45,13.54,45.1,11.2,1.63,1.69,1.89,75.83,63.06,23.95,98.02,71.82,27.85,1290.98,1304.25,1828.03,72.12,270.96,546.19,826.75,1311.76,3514.92,4899.71,11.99,8.6,0.489,0.406,1.16,2.49,7.14,7.91,64.88,156.01,4376699,721236,3016330,592420
Vale do Rio Cuiabá,2024,0.831,0.864,0.842,0.789,76.83,14.09,8.96,43.99,11.43,2.45,2.59,3.06,78.49,66.83,27.12,96.65,74.78,24.83,1084.5,1095.9,1599.7,76.98,245.84,481.41,686.8,1027.91,2948.03,4261.21,11.72,8.11,0.485,0.397,1.8,2.83,9.17,21.21,54.72,164.4,969421,199242,673275,86820
Goiânia,2024,0.834,0.876,0.843,0.786,77.54,13.27,8.64,41.67,11.24,2.4,2.43,2.77,78.1,64.82,25.21,97.86,84.53,25.83,1067.17,1073.08,1626.71,83.06,254.48,475.1,684.95,1039.03,2888.53,4049.43,11.1,7.92,0.478,0.389,1.03,2.54,8.56,19.27,74,162.25,2803200,566956,1978722,242083
